CustomerID,Recency,Frequency,Monetary,Cluster
12347,2,7,3056.42,1
12348,249,3,111.08,2
12349,19,1,1105.4,0
12350,310,1,294.40000000000003,2
12352,36,7,1385.74,3
12353,204,1,49.2,2
12354,232,1,930.6800000000001,2
12355,214,1,224.8,2
12356,23,3,668.13,3
12357,33,1,1408.07,3
12358,2,2,142.66,0
12359,58,4,4000.93,3
12360,52,3,1915.3600000000001,3
12361,287,1,189.9,2
12362,3,10,4521.13,1
12363,110,2,413.28,2
12364,8,4,1203.3,1
12365,291,1,320.69,2
12367,4,1,168.9,0
12370,51,4,2030.7,3
12371,60,1,1237.26,3
12372,72,3,797.34,3
12373,311,1,246.60000000000002,2
12374,25,1,570.91,0
12375,11,2,231.9,0
12377,315,2,1173.42,3
12378,130,1,3607.52,3
12379,82,2,690.24,3
12380,22,4,1603.07,3
12381,5,5,1417.31,1
12383,185,5,1413.22,3
12384,29,2,425.27000000000004,0
12386,367,1,144.3,2
12388,16,6,1544.74,1
12390,80,1,504.84000000000003,2
12391,22,1,439.66,0
12393,72,4,1193.5,3
12394,217,1,381.08,2
12395,19,12,2326.18,1
12397,36,2,2036.4,3
12398,46,1,1311.76,3
12399,119,4,944.4,3
12401,303,1,84.3,2
12402,323,1,225.60000000000002,2
12403,50,1,45.9,2
12405,149,1,866.89,2
12406,22,2,1714.14,3
12407,50,5,1213.28,3
12408,33,5,1366.29,3
12409,79,3,181.35,2
12410,309,2,493.73,2
12412,75,3,932.34,3
12413,67,3,656.4,3
12414,217,3,213.21,2
12415,25,12,1128.73,1
12417,3,9,2939.3,1
12418,113,1,428.63,2
12420,64,1,520.99,2
12421,16,4,695.04,3
12422,96,3,683.5600000000001,3
12423,1,8,1683.39,1
12424,163,2,233.92000000000002,2
12425,78,1,536.4,2
12426,195,1,510.73,2
12427,22,3,471.16,0
12428,26,8,4319.58,1
12429,9,4,1220.66,1
12430,43,1,129.0,2
12431,60,13,3728.9700000000003,1
12432,43,4,973.52,3
12433,1,7,5560.7,1
12434,85,2,713.54,3
12436,100,1,207.16,2
12437,2,18,3569.4,1
12438,14,2,1495.05,3
12441,367,1,173.55,2
12442,3,1,172.06,0
12444,21,5,2792.71,1
12445,22,1,77.4,0
12446,58,1,1002.3100000000001,3
12447,243,1,431.49,2
12448,44,1,300.45,0
12449,22,4,3113.09,3
12450,156,2,131.88,2
12451,11,5,5455.9,1
12452,17,1,304.67,0
12453,134,1,707.09,2
12455,73,6,1121.3,3
12456,44,3,1773.76,3
12457,86,2,891.03,3
12458,71,2,631.7,3
12461,155,1,436.08000000000004,2
12462,19,2,937.59,0
12463,53,4,1344.78,3
12464,10,8,317.5,1
12465,17,2,701.39,0
12468,188,2,658.74,3
12471,2,27,6183.8,1
12472,32,7,4895.2300000000005,1
12473,54,3,2326.08,3
12474,17,17,6731.68,1
12475,54,1,543.08,0
12476,16,10,3806.28,1
12477,23,6,3941.9,1
12478,4,1,545.99,0
12479,11,1,473.2,0
12480,28,4,2435.03,3
12481,23,10,3520.42,1
12483,17,7,1182.04,1
12484,35,4,3717.92,3
12488,10,3,764.24,0
12489,336,1,334.93,2
12490,5,10,3910.83,1
12491,39,1,413.6,0
12492,63,2,263.21000000000004,2
12493,166,2,433.74,2
12494,16,7,1206.3,1
12497,82,1,83.4,2
12498,21,3,403.70000000000005,0
12500,23,11,601.24,1
12501,337,1,2025.39,3
12502,96,5,2165.07,3
12504,18,2,92.65,0
12506,233,1,73.5,2
12507,134,2,251.76000000000002,2
12508,26,2,397.88,0
12509,284,1,77.5,2
12510,143,2,499.45,2
12512,66,2,132.18,2
12513,113,1,558.29,2
12514,267,1,836.6800000000001,2
12515,353,1,278.7,2
12516,78,2,164.48000000000002,2
12517,28,4,2337.6,3
12518,1,5,1852.83,1
12519,64,1,276.84000000000003,2
12520,79,5,2260.7400000000002,3
12521,143,1,504.08,2
12522,39,2,192.72,0
12523,19,11,1750.17,1
12524,9,8,2009.62,1
12526,1,3,1244.66,1
12527,82,3,247.91,2
12528,9,6,1473.1299999999999,1
12530,60,4,1052.38,3
12531,15,1,125.22,0
12532,30,1,304.83000000000004,0
12534,131,1,941.38,3
12535,92,2,627.25,3
12536,59,1,3938.41,3
12538,29,1,324.15,0
12539,22,4,4516.650000000001,1
12540,20,17,6890.02,1
12541,30,3,849.48,3
12544,36,1,316.7,0
12545,75,2,832.39,3
12546,47,2,1021.5,3
12547,198,2,207.8,2
12548,166,1,95.19999999999999,2
12550,79,1,824.83,3
12551,358,1,168.0,2
12552,40,1,317.82,0
12553,8,10,3080.06,1
12556,50,2,599.56,3
12557,158,1,81.6,2
12558,8,1,145.16,0
12559,320,1,289.46000000000004,2
12560,5,2,1613.41,0
12561,303,1,238.85,2
12562,8,7,2590.06,1
12564,261,1,402.90000000000003,2
12565,289,1,145.92000000000002,2
12566,86,1,297.65,2
12567,23,10,7322.33,1
12569,2,32,3279.5,1
12571,40,2,519.61,3
12572,9,2,809.22,0
12573,227,1,160.54000000000002,2
12574,316,1,218.45000000000002,2
12576,36,5,1315.83,3
12577,35,3,626.6,3
12578,21,2,2004.6100000000001,3
12579,78,1,386.42,2
12580,247,1,415.7,2
12581,40,1,197.71,0
12582,239,2,351.36,2
12583,3,15,3179.32,1
12584,4,9,1647.2,1
12585,234,2,1378.3,3
12586,17,1,196.94000000000003,0
12587,8,1,20.8,0
12588,39,1,174.89999999999998,0
12589,29,2,541.68,0
12591,317,1,368.85,2
12592,92,2,437.6,3
12593,109,3,378.6,3
12594,47,8,2121.89,1
12596,51,2,384.03,0
12597,19,4,3178.22,1
12598,10,8,2049.86,1
12599,29,7,886.78,3
12600,29,10,802.64,1
12601,190,5,461.51,3
12602,59,1,153.12,2
12604,79,2,254.18,2
12607,60,1,1539.91,3
12609,78,3,1036.85,3
12610,23,4,1668.34,3
12611,52,1,1009.72,3
12612,74,1,270.84000000000003,2
12613,57,5,2607.78,3
12614,278,1,315.6,2
12615,2,4,1605.79,1
12616,95,2,458.8,3
12617,29,1,352.98,0
12618,22,1,137.31,0
12619,16,8,1254.08,1
12620,15,3,1299.41,3
12621,2,18,6779.150000000001,1
12622,232,1,180.1,2
12623,276,1,266.1,2
12624,106,2,641.13,3
12625,212,2,1098.52,3
12626,23,9,4260.15,1
12627,11,6,3618.23,1
12628,4,3,736.46,0
12630,10,2,1030.88,0
12631,57,1,480.5,0
12633,59,4,1498.18,3
12635,90,2,1509.18,3
12637,67,8,4815.09,1
12638,33,1,511.69,0
12639,239,1,366.1,2
12640,24,3,903.32,3
12641,115,1,145.9,2
12642,25,3,734.14,3
12643,172,3,86.24000000000001,2
12644,130,1,477.90999999999997,2
12645,34,4,1181.58,3
12646,5,2,770.85,0
12647,22,12,1677.06,1
12648,155,1,273.3,2
12649,107,3,460.01,3
12650,3,1,147.64000000000001,0
12651,335,1,114.0,2
12652,331,1,747.1800000000001,2
12653,149,2,582.02,3
12654,11,5,601.98,3
12656,17,5,2063.57,1
12657,11,3,704.6800000000001,0
12658,19,1,592.45,0
12659,30,1,91.68,0
12660,11,1,245.10000000000002,0
12662,1,11,3808.1800000000003,1
12664,59,4,144.0,0
12665,325,1,63.0,2
12667,58,1,460.13,0
12668,12,4,2565.93,1
12669,151,2,1427.73,3
12670,10,5,1250.17,1
12672,330,1,133.95,2
12673,5,2,526.52,0
12674,39,4,1407.14,3
12676,25,6,749.39,3
12678,43,6,813.81,3
12679,59,4,812.0600000000001,3
12680,1,4,862.81,1
12681,15,22,9296.58,1
12682,4,31,8496.27,1
12683,4,14,5107.31,1
12684,8,7,1647.99,1
12685,28,6,2401.08,1
12686,372,1,89.14,2
12688,114,1,2466.81,3
12689,26,2,1013.45,3
12690,206,1,285.01,2
12691,28,6,542.6,3
12693,127,4,724.3100000000001,3
12694,70,2,507.12,3
12695,7,4,374.5,0
12697,29,3,630.54,3
12700,8,4,3911.27,1
12701,80,2,797.71,3
12702,20,1,219.0,0
12703,71,1,283.55,2
12704,7,8,1289.28,1
12705,15,8,5071.09,1
12707,292,1,391.72,2
12708,30,10,2659.81,1
12709,15,15,2866.45,1
12710,97,3,1077.02,3
12712,29,13,2209.33,1
12713,1,1,628.5,0
12714,9,5,3727.2,1
12715,106,1,263.36,2
12716,4,2,999.49,0
12717,151,2,791.03,3
12718,71,1,238.25,2
12719,5,2,644.95,0
12720,3,25,4964.81,1
12721,32,6,2375.33,1
12722,85,4,856.63,3
12723,4,5,613.02,1
12724,5,4,888.01,1
12725,371,1,371.8,2
12726,28,7,2016.6599999999999,1
12727,11,7,1921.98,1
12728,71,4,755.9300000000001,3
12729,114,1,453.01,2
12731,24,10,2620.4500000000003,1
12732,180,1,196.26000000000002,2
12733,234,1,307.45,2
12734,353,1,16.8,2
12735,315,2,591.3199999999999,2
12738,372,1,155.35,2
12739,78,2,531.54,3
12740,64,1,427.6,2
12743,134,2,540.13,3
12744,56,4,2129.9,3
12747,2,11,1641.89,1
12748,1,200,23134.23,1
12749,4,5,3532.86,1
12750,129,1,235.2,2
12752,81,1,304.82,2
12753,23,6,538.96,3
12754,277,2,61.62,2
12755,281,1,17.549999999999997,2
12756,87,1,50.879999999999995,2
12757,16,7,2993.95,1
12758,117,2,1211.73,3
12759,52,3,1441.44,3
12762,8,2,917.57,0
12763,369,1,260.08,2
12764,317,1,583.13,2
12766,4,7,5175.91,1
12769,239,1,416.34000000000003,2
12772,60,1,752.47,3
12775,17,5,1184.64,3
12778,20,6,723.23,3
12779,38,8,2619.14,1
12781,64,2,339.8,3
12782,5,5,1601.02,1
12783,2,4,1323.8700000000001,1
12784,15,1,476.82,0
12785,364,1,213.95,2
12787,10,3,319.66,0
12789,65,1,51.9,2
12790,192,1,285.12,2
12791,374,1,15.0,2
12792,257,1,344.54,2
12793,335,2,423.48,2
12794,53,2,756.01,3
12795,19,1,219.78,0
12797,366,1,254.03,2
12802,187,1,427.58,2
12808,37,3,483.65000000000003,3
12809,178,1,405.31,2
12811,261,3,514.85,3
12812,45,1,229.64000000000001,0
12815,148,2,823.86,3
12816,96,2,412.25,2
12817,281,1,27.04,2
12818,262,1,75.60000000000001,2
12820,3,4,942.34,1
12821,214,1,92.72,2
12822,71,2,806.08,3
12824,60,1,349.42,2
12826,3,7,1474.72,1
12827,6,3,385.6,0
12828,3,6,888.46,1
12829,337,2,162.25,2
12831,262,1,173.05,2
12832,32,2,383.03000000000003,0
12833,145,1,417.38,2
12834,283,1,312.38,2
12836,59,4,2197.5,3
12837,173,1,134.1,2
12838,34,2,671.95,3
12839,3,14,5123.37,1
12840,144,4,2451.17,3
12841,5,25,3581.16,1
12842,70,2,445.21000000000004,3
12843,66,8,1370.06,3
12844,29,2,325.96000000000004,0
12845,269,2,71.79,2
12847,22,1,598.09,0
12849,31,2,620.09,0
12851,97,1,131.81,2
12852,295,1,311.55,2
12853,135,5,1386.9,3
12854,79,3,1051.99,3
12855,373,1,38.1,2
12856,8,6,2080.06,1
12857,211,2,819.45,3
12863,52,1,49.8,2
12864,138,1,27.599999999999998,2
12865,26,2,1568.23,3
12866,283,1,409.57,2
12867,26,7,3663.69,1
12868,186,6,1607.0600000000002,3
12871,84,2,135.84,2
12872,327,2,558.67,2
12876,58,2,1111.42,3
12877,4,11,1298.17,1
12878,236,2,854.99,3
12879,45,2,91.72,2
12881,276,1,103.0,2
12883,25,4,703.47,3
12884,88,1,139.05,2
12885,63,3,1128.42,3
12886,68,2,1378.4,3
12888,255,1,25.200000000000003,2
12890,24,1,331.71999999999997,0
12893,31,1,176.55,0
12895,42,2,372.8,0
12897,205,1,29.700000000000003,2
12901,10,14,871.5699999999999,1
12902,265,1,138.68,2
12904,18,2,445.06,0
12906,12,4,667.13,0
12909,40,5,1338.8700000000001,3
12910,23,6,925.72,3
12912,8,2,46.8,0
12913,5,5,478.97,0
12915,149,2,363.65,2
12916,139,4,1636.5,3
12919,8,6,831.11,1
12920,17,1,162.78,0
12921,9,37,11418.91,1
12922,161,1,405.38,2
12923,64,1,172.82,2
12924,88,4,153.4,2
12925,5,2,694.05,0
12928,35,5,1473.9,3
12929,312,1,117.85,2
12930,78,2,415.8,3
12931,67,2,76.96000000000001,2
12933,24,3,555.03,3
12935,2,7,2039.3,1
12936,17,3,616.3,0
12937,15,4,1279.8700000000001,3
12938,26,1,114.14,0
12940,55,2,848.69,3
12942,131,3,675.6,3
12944,36,2,564.71,3
12945,288,1,404.95,2
12947,144,5,1314.39,3
12948,16,7,2018.15,1
12949,31,8,3861.94,1
12950,8,2,117.8,0
12951,9,6,1064.07,1
12952,6,4,1387.79,1
12953,10,1,329.85,0
12955,1,11,2917.58,1
12956,306,1,108.07,2
12957,10,8,3801.64,1
12962,7,2,266.39,0
12963,8,8,1666.98,1
12965,89,1,769.8100000000001,3
12966,10,1,160.18,0
12967,372,1,81.7,2
12968,112,1,74.75,2
12970,7,4,405.47,0
12971,4,80,4277.04,1
12974,198,1,144.8,2
12976,212,1,303.6,2
12977,156,1,39.239999999999995,2
12981,30,2,372.21999999999997,0
12982,243,1,390.54,2
12984,19,1,97.5,0
12985,1,2,1109.42,0
12987,74,2,508.75,3
12988,292,1,505.82,2
12989,9,4,130.63,0
12990,31,2,143.0,0
12991,23,2,461.26,0
12993,23,4,414.76,3
12994,4,3,974.42,0
12995,85,1,76.32,2
12997,22,4,899.8100000000001,3
12999,205,2,379.38,2
13000,260,2,458.53000000000003,2
13001,4,13,4900.4400000000005,1
13002,318,1,120.95,2
13003,151,2,89.05000000000001,2
13004,12,18,5616.16,1
13005,174,2,438.7,2
13006,56,1,81.57,2
13008,323,1,229.47,2
13011,372,1,50.550000000000004,2
13012,9,8,1517.04,1
13013,1,13,3558.54,1
13014,11,10,1626.43,1
13015,53,5,2992.62,3
13016,73,3,789.89,3
13018,16,27,6919.02,1
13021,4,9,1926.71,1
13023,64,2,599.9,3
13026,1,4,574.68,0
13028,23,2,661.3199999999999,0
13029,31,2,116.5,0
13030,11,2,620.29,0
13032,52,2,960.6800000000001,3
13033,357,1,190.55,2
13034,55,2,642.77,3
13035,74,2,434.28000000000003,3
13037,138,3,750.47,3
13038,80,3,383.76,3
13040,9,2,676.99,0
13043,273,1,231.82,2
13044,291,1,458.47,2
13045,99,1,222.08,2
13046,31,2,544.31,0
13047,32,10,3014.96,1
13048,14,4,1730.6100000000001,3
13049,64,2,199.18,2
13050,15,17,5535.51,1
13052,212,1,280.3,2
13055,78,3,1173.61,3
13058,25,3,147.65,0
13059,250,1,94.15,2
13060,254,1,246.33,2
13061,72,1,147.06,2
13062,191,1,133.5,2
13064,13,4,1001.59,3
13065,373,1,205.86,2
13066,24,2,430.90000000000003,0
13067,82,1,115.46000000000001,2
13069,1,24,3362.68,1
13070,192,1,145.6,2
13072,267,1,177.15,2
13075,130,1,226.61,2
13077,1,4,601.66,1
13078,3,26,4242.62,1
13079,4,5,124.9,0
13080,179,1,58.08,2
13081,12,10,15083.56,1
13082,126,9,1022.19,3
13083,4,2,303.75,0
13085,158,2,315.28000000000003,2
13089,4,81,26948.74,1
13090,9,12,1759.15,1
13091,28,1,306.21999999999997,0
13092,71,5,438.03000000000003,3
13093,276,8,1507.25,3
13095,71,1,74.39999999999999,2
13097,33,10,5053.07,1
13098,1,24,5810.69,1
13101,234,1,101.19,2
13102,1,24,4782.89,1
13103,40,1,100.24,2
13104,3,4,183.96,0
13107,44,4,805.38,3
13108,373,1,115.46,2
13109,60,2,735.54,3
13110,31,7,1401.3700000000001,3
13113,1,24,1688.67,1
13115,12,4,2006.88,1
13116,138,1,501.14,2
13117,22,8,984.91,1
13118,20,5,804.63,3
13120,239,1,30.6,2
13121,269,1,283.73,2
13122,94,2,922.39,3
13124,90,3,3112.62,3
13126,5,8,1958.34,1
13127,78,1,259.17,2
13130,94,1,25.0,2
13131,23,3,690.0,3
13132,262,1,32.3,2
13133,274,2,109.8,2
13134,86,4,1627.68,3
13136,56,5,2242.91,3
13137,11,8,3563.69,1
13138,22,6,962.39,3
13139,16,6,2843.16,1
13140,108,3,422.47,3
13141,85,5,2139.75,3
13142,19,1,307.09000000000003,0
13144,333,1,47.2,2
13145,92,1,40.92,2
13146,26,1,132.91,0
13148,29,12,3470.56,1
13149,14,4,1339.46,3
13151,296,1,1257.8700000000001,2
13153,6,1,227.82000000000002,0
13155,33,4,924.96,3
13157,49,4,1549.32,3
13158,95,4,1201.06,3
13159,9,4,1354.65,1
13160,22,1,91.8,0
13161,313,1,112.75,2
13162,122,4,1153.69,3
13165,46,2,491.47999999999996,3
13166,283,1,417.2,2
13167,19,4,749.5699999999999,3
13168,36,4,1193.39,3
13169,64,2,217.28,2
13170,27,1,108.81,0
13171,22,3,335.21,0
13173,4,2,353.65000000000003,0
13174,16,3,2598.93,3
13176,46,1,481.49,0
13177,65,1,282.45,2
13178,26,11,4567.39,1
13182,45,1,121.18,2
13183,8,9,849.8000000000001,1
13184,15,10,1503.65,1
13186,40,3,1386.8300000000002,3
13187,337,1,236.02,2
13188,11,1,15.0,0
13189,19,2,260.68,0
13192,95,2,911.94,3
13193,61,1,112.08,2
13194,136,1,60.7,2
13196,11,4,1704.73,1
13198,10,6,3279.34,1
13199,8,18,662.9,1
13200,19,4,680.67,3
13203,10,4,789.91,0
13207,15,2,178.86,0
13208,59,6,1125.45,3
13209,30,7,4877.09,1
13210,94,1,353.48,2
13211,10,3,443.82,0
13212,20,3,736.83,3
13213,57,5,1342.38,3
13216,268,1,10.5,2
13218,127,1,62.64,2
13220,78,2,132.84,2
13221,240,2,788.01,3
13223,200,1,62.4,2
13224,60,2,1384.99,3
13226,273,1,108.21000000000001,2
13227,202,1,90.0,2
13229,226,1,160.95,2
13230,4,14,2502.42,1
13232,13,7,1328.35,1
13233,74,2,558.3199999999999,3
13235,212,1,785.67,2
13236,25,2,663.73,0
13238,23,3,596.73,3
13239,262,1,285.01,2
13240,96,4,663.65,3
13242,112,3,270.40000000000003,2
13243,203,1,585.12,2
13244,93,1,121.74000000000001,2
13245,51,1,430.5,0
13246,18,5,969.48,3
13247,22,3,360.0,0
13248,125,2,465.68,2
13249,93,1,127.73,2
13253,157,2,548.28,3
13255,9,2,180.11,0
13258,12,3,448.78000000000003,0
13259,62,1,283.18,2
13260,61,1,82.32000000000001,2
13262,263,1,149.29,2
13263,1,35,7206.53,1
13265,53,5,1398.66,3
13266,11,12,2913.7,1
13267,3,19,3807.9300000000003,1
13268,18,11,3014.8,1
13269,1,15,4309.22,1
13271,37,1,211.49,0
13272,31,2,276.56,0
13273,113,1,138.98,2
13276,64,2,463.43,3
13277,16,3,159.4,0
13278,41,1,502.89,0
13279,78,1,137.75,2
13280,122,3,798.46,3
13282,18,3,450.94,0
13283,60,2,93.66,2
13284,331,1,201.19,2
13285,23,4,2709.12,3
13291,156,1,361.11,2
13292,39,2,539.34,3
13294,190,2,873.74,3
13295,360,1,201.20000000000002,2
13296,137,1,87.4,2
13297,8,4,899.6,1
13299,268,1,82.80000000000001,2
13300,169,1,371.89,2
13301,104,4,618.09,3
13304,351,1,300.42,2
13305,4,10,1230.76,1
13307,120,1,15.0,2
13308,23,3,872.47,3
13309,7,5,1416.29,1
13310,28,3,1132.03,3
13311,4,2,298.25,0
13313,22,5,1289.92,3
13314,2,3,775.94,0
13316,37,3,217.53,0
13317,66,6,2114.08,3
13318,1,3,289.88,0
13319,5,26,8353.41,1
13320,78,4,1532.2,3
13321,86,1,175.64,2
13322,17,1,154.48000000000002,0
13323,3,5,313.55,0
13324,36,2,82.8,0
13325,82,1,89.3,2
13327,39,8,1275.04,3
13328,316,1,175.68,2
13329,32,2,181.98,0
13330,93,3,953.73,3
13332,14,1,350.90000000000003,0
13334,82,3,3218.52,3
13336,77,1,795.12,3
13338,158,1,215.62,2
13339,201,1,860.12,2
13340,45,7,769.15,3
13341,261,1,688.25,2
13343,178,1,303.43,2
13344,68,3,1948.69,3
13345,288,1,339.5,2
13347,70,1,68.16,2
13348,64,1,233.76000000000002,2
13349,11,1,197.32,0
13350,16,2,595.1700000000001,0
13351,66,1,323.94,2
13352,60,1,347.98,2
13354,71,1,703.93,3
13355,122,1,531.9,2
13356,80,1,630.84,2
13357,257,1,568.6,2
13358,269,1,389.03000000000003,2
13359,64,1,389.56,2
13362,9,4,2812.34,1
13363,18,2,892.5,0
13364,71,1,134.96,2
13365,34,2,2018.27,3
13368,257,2,478.0,2
13369,366,1,218.28,2
13370,372,1,715.07,2
13372,90,1,328.64,2
13373,61,3,2622.8,3
13375,89,1,676.65,2
13376,99,3,869.76,3
13379,26,3,572.56,3
13381,32,6,3209.11,1
13382,281,1,222.99,2
13384,31,7,2615.31,1
13385,330,1,484.67,2
13388,131,2,574.05,3
13389,11,3,797.96,0
13390,75,1,185.88,2
13394,2,8,2088.92,1
13395,185,1,307.72,2
13396,29,2,768.29,3
13397,73,4,431.64,3
13398,192,1,457.34000000000003,2
13402,127,2,517.73,3
13403,18,1,30.0,0
13404,1,2,188.74,0
13405,74,3,532.6510000000001,3
13408,2,44,4620.56,1
13410,24,4,263.46,0
13411,107,1,213.55,2
13414,134,2,392.58,2
13416,44,2,338.7,0
13417,5,2,640.83,0
13418,12,18,3809.3,1
13419,64,1,221.06,2
13420,150,2,159.85,2
13421,40,2,1276.51,3
13422,64,1,2252.44,3
13425,108,3,1148.29,3
13426,1,10,1685.57,1
13427,19,3,456.2,0
13428,10,1,201.78,0
13429,11,4,914.2,3
13430,19,2,628.45,0
13431,67,2,706.3,3
13434,74,2,128.64000000000001,2
13435,5,7,805.02,1
13436,2,1,196.89,0
13437,14,7,2804.0,1
13439,255,1,283.71,2
13441,92,1,168.32,2
13447,23,3,943.53,3
13448,17,6,2635.75,1
13449,24,1,291.88,0
13450,27,6,1064.28,3
13451,26,5,2858.46,1
13453,166,2,277.58,2
13455,25,2,803.04,3
13456,18,6,977.22,1
13458,7,14,6454.97,1
13460,29,2,183.44,0
13461,39,2,82.2,0
13462,253,1,151.5,2
13464,58,1,674.68,3
13466,184,1,307.90000000000003,2
13467,11,2,952.71,0
13468,2,37,4769.02,1
13470,99,2,165.0,2
13471,1,4,2417.04,1
13473,61,2,298.24,0
13474,236,1,226.84,2
13475,191,4,1355.46,3
13476,179,2,947.67,3
13477,38,6,1292.16,3
13479,201,2,261.35,2
13481,46,5,1722.16,3
13482,232,1,184.64000000000001,2
13483,66,1,140.34,2
13484,241,1,111.3,2
13485,233,1,343.84,2
13486,78,3,1082.81,3
13487,58,3,575.4,3
13488,17,13,7049.54,1
13489,158,2,128.64000000000001,2
13491,52,10,1215.82,3
13492,136,3,928.14,3
13493,287,1,40.35,2
13494,312,1,316.26000000000005,2
13495,8,5,653.22,1
13496,11,2,531.53,0
13497,283,2,348.05,2
13499,18,5,743.35,3
13500,23,3,1127.17,3
13501,288,1,736.52,2
13502,17,3,232.6,0
13503,71,1,216.85,2
13504,64,1,295.93,2
13505,73,4,3367.18,3
13506,316,2,458.52,2
13507,3,4,2439.56,1
13508,244,1,110.97,2
13509,9,6,746.6800000000001,1
13510,1,4,1750.76,1
13512,261,1,251.21,2
13513,127,1,145.1,2
13514,74,1,70.80000000000001,2
13515,73,4,891.12,3
13516,21,3,635.41,3
13517,60,3,2128.42,3
13518,86,1,627.16,2
13519,78,1,122.75,2
13520,59,6,1109.95,3
13521,1,3,1071.73,1
13522,30,1,125.80000000000001,0
13523,33,5,2646.04,3
13524,41,5,480.98,3
13525,15,1,23.9,0
13527,34,7,2242.36,1
13529,79,2,206.06,2
13531,205,2,321.8,2
13532,34,1,210.31,0
13533,183,3,269.09,2
13534,2,25,4598.68,1
13536,1,7,2421.92,1
13538,121,3,208.65,2
13539,86,3,631.34,3
13544,40,2,276.06,0
13546,12,3,621.09,0
13548,96,2,623.98,3
13549,26,7,833.6,3
13551,319,1,91.80000000000001,2
13552,66,12,1610.89,1
13555,74,4,1901.56,3
13557,28,2,524.0600000000001,0
13558,6,4,594.52,0
13560,7,1,171.42000000000002,0
13561,216,1,60.26,2
13562,82,3,1507.28,3
13563,84,2,333.13,2
13564,354,2,991.51,3
13565,19,2,240.22,0
13566,41,2,809.24,3
13568,173,1,187.05,2
13569,17,2,338.62,0
13570,243,1,158.37,2
13571,13,12,2088.94,1
13572,206,1,458.63000000000005,2
13573,50,2,249.0,0
13575,23,5,690.47,3
13576,10,16,1410.4,1
13577,25,4,1319.1000000000001,3
13579,15,2,338.94,0
13581,309,1,118.0,2
13583,156,1,781.03,2
13584,307,1,142.4,2
13587,64,1,134.4,2
13588,16,9,2399.75,1
13589,15,2,379.65,0
13590,11,6,1380.1200000000001,1
13591,65,3,1040.63,3
13592,36,4,247.95999999999998,0
13593,108,5,1854.5800000000002,3
13594,53,1,396.97,0
13596,6,2,664.11,0
13598,47,1,160.04,2
13599,1,21,3032.61,1
13600,312,1,174.67000000000002,2
13601,45,2,693.32,3
13602,65,1,428.89,2
13603,26,1,164.34,0
13606,29,3,276.75,0
13607,40,1,675.51,0
13610,12,7,1082.33,1
13611,89,3,1011.96,3
13614,24,4,1534.61,3
13615,319,1,377.13,2
13617,40,3,486.43,3
13618,174,1,177.34,2
13621,117,1,213.85,2
13623,31,5,498.46,3
13626,253,1,257.23,2
13627,59,5,1395.35,3
13629,143,1,336.36,2
13630,5,7,853.74,1
13632,25,5,1957.65,3
13634,33,5,1416.96,3
13635,68,1,1026.03,3
13636,37,5,949.12,3
13637,52,3,804.3,3
13638,16,1,122.64,0
13639,74,1,623.12,2
13642,216,1,312.28,2
13643,31,3,519.44,3
13644,16,4,2624.26,1
13645,120,1,50.5,2
13647,10,4,1440.6200000000001,1
13649,257,2,263.2,2
13650,17,6,1616.54,1
13651,35,2,94.2,0
13652,46,3,1095.08,3
13654,43,6,2521.63,3
13655,114,2,893.17,3
13656,165,2,379.65,2
13657,11,2,177.9,0
13658,10,5,1763.07,1
13659,206,2,1312.3,3
13662,86,3,881.26,3
13663,179,1,189.47,2
13666,60,3,84.65,2
13667,149,1,299.05,2
13668,3,21,4568.61,1
13669,51,2,177.75,0
13670,75,1,349.7,2
13672,301,2,91.83000000000001,2
13673,19,2,337.94,0
13675,151,2,486.82000000000005,2
13678,152,1,232.6,2
13680,1,4,1675.93,1
13681,18,4,745.33,3
13682,187,1,59.5,2
13684,286,1,65.13,2
13685,3,4,20.92,0
13686,183,1,72.0,2
13689,63,1,15.0,2
13690,59,1,127.4,2
13692,25,3,572.36,3
13694,4,19,2845.71,1
13695,31,13,1356.8500000000001,1
13697,39,1,151.3,0
13699,155,1,308.58000000000004,2
13700,26,10,1619.43,1
13704,5,9,2087.06,1
13705,8,3,433.38,0
13706,303,1,290.89000000000004,2
13707,267,2,701.56,3
13708,271,1,285.33,2
13709,4,12,5172.28,1
13710,32,1,113.28,0
13711,219,2,252.06,2
13712,247,1,188.04000000000002,2
13715,281,5,1077.39,3
13716,269,1,138.28,2
13717,32,6,1445.01,3
13718,246,2,194.95,2
13719,15,5,989.48,3
13720,117,4,720.7,3
13721,36,1,484.54,0
13722,132,3,1276.13,3
13723,217,1,102.9,2
13725,50,7,1545.56,3
13726,39,2,473.15999999999997,0
13727,29,2,285.78,0
13728,37,6,1016.14,3
13730,136,2,713.0,3
13731,219,2,610.59,2
13732,28,1,491.86,0
13735,25,4,2357.4900000000002,3
13736,5,2,729.8,0
13737,200,1,226.05,2
13740,241,1,350.75,2
13741,72,3,620.73,3
13742,17,12,2876.92,1
13743,3,7,549.0,1
13744,95,2,999.16,3
13745,162,1,300.04,2
13748,96,4,438.25,3
13750,54,3,306.62,3
13751,288,1,83.55000000000001,2
13752,124,6,869.58,3
13753,288,1,566.66,2
13754,152,2,186.6,2
13755,4,8,1959.36,1
13756,2,13,2214.96,1
13758,12,7,1827.6200000000001,1
13759,71,1,402.49,2
13760,54,2,286.79,0
13761,50,2,1070.65,3
13762,219,1,133.2,2
13764,71,3,1519.42,3
13767,2,36,5595.34,1
13769,2,10,2182.4300000000003,1
13771,64,4,1875.15,3
13772,34,3,953.98,3
13774,82,1,345.0,2
13777,9,17,1432.1000000000001,1
13778,103,1,178.7,2
13780,7,2,274.21,0
13781,251,1,127.84,2
13782,13,6,908.86,1
13784,10,4,301.71,0
13786,367,1,109.2,2
13787,76,2,309.04,2
13790,4,1,348.79999999999995,0
13792,66,2,195.55,2
13798,1,11,473.33,1
13799,117,2,552.96,3
13800,310,1,471.72,2
13801,67,1,324.8,2
13802,139,3,317.71999999999997,2
13803,255,1,277.07,2
13804,31,7,2319.13,1
13805,52,2,158.76,2
13806,64,1,190.98000000000002,2
13807,367,1,112.6,2
13808,6,5,1253.3600000000001,1
13809,305,1,155.05,2
13810,29,2,482.56,0
13811,184,2,72.0,2
13812,42,3,539.0,3
13813,40,4,1153.8600000000001,3
13814,92,2,971.02,3
13815,22,4,2683.98,3
13816,24,2,424.62,0
13817,29,2,382.98,0
13819,302,3,542.35,3
13821,145,2,385.64,2
13822,6,2,508.1,0
13823,19,2,596.4,0
13824,33,4,736.94,3
13826,176,1,189.5,2
13827,58,3,409.8,3
13828,22,1,209.49,0
13831,16,4,526.55,0
13832,19,1,52.2,0
13833,159,1,383.85,2
13835,25,4,834.57,3
13837,212,2,221.59,2
13838,6,4,674.82,0
13842,59,9,3245.42,1
13844,11,1,361.62,0
13845,65,1,165.98000000000002,2
13846,25,3,865.0600000000001,3
13849,52,2,1498.35,3
13850,129,1,1595.48,3
13851,96,3,1277.34,3
13853,57,1,303.96000000000004,2
13854,9,19,881.35,1
13856,169,3,150.9,2
13858,57,1,216.17000000000002,2
13859,326,1,201.16,2
13860,1,5,1245.9,1
13862,18,8,2119.36,1
13863,248,1,305.78,2
13865,58,4,501.56,3
13866,74,1,145.67,2
13867,31,3,941.49,3
13868,39,1,459.84,0
13869,123,4,3083.65,3
13870,2,8,1804.3400000000001,1
13871,23,13,5602.05,1
13873,120,3,389.6,3
13874,358,1,280.1,2
13875,54,5,1568.99,3
13876,64,1,122.7,2
13877,86,1,47.64,2
13878,55,1,583.9,0
13880,21,13,2772.42,1
13881,67,5,919.6800000000001,3
13882,3,5,1081.28,1
13883,11,5,2457.08,1
13884,7,5,718.3000000000001,1
13885,189,2,455.8,2
13886,71,1,243.56,2
13887,204,1,349.55,2
13888,120,2,595.67,3
13889,93,1,265.7,2
13890,1,10,1844.21,1
13892,64,2,395.73,3
13893,298,1,287.5,2
13894,24,2,443.3,0
13895,28,4,2051.92,3
13897,50,1,258.06,2
13898,326,1,155.93,2
13899,16,2,297.92,0
13900,183,3,638.95,3
13901,72,5,2516.23,3
13904,37,2,332.64,0
13908,80,4,1838.79,3
13911,57,9,2198.51,1
13914,12,2,521.15,0
13917,50,2,272.04,0
13918,50,2,460.8,3
13919,59,2,384.81,3
13922,352,1,132.45,2
13923,54,1,351.13,0
13924,2,6,1838.8500000000001,1
13925,93,4,678.25,3
13926,23,1,183.9,0
13927,75,1,307.39,2
13928,11,4,464.57,0
13929,169,2,103.65,2
13930,58,2,297.74,0
13931,96,2,941.97,3
13932,295,1,307.4,2
13933,109,2,401.19,2
13934,264,1,532.5,2
13936,180,1,376.58,2
13937,169,1,158.85,2
13938,35,1,71.66,2
13939,23,3,568.55,3
13940,17,4,799.5400000000001,3
13941,22,5,219.00000000000003,0
13946,79,3,64.05,2
13947,65,1,90.60000000000001,2
13948,361,1,55.2,2
13949,3,6,2032.6100000000001,1
13950,11,4,518.8000000000001,0
13951,176,3,674.45,3
13952,218,2,2261.721,3
13953,7,2,182.48000000000002,0
13954,2,2,439.92,0
13955,154,2,271.96,2
13956,5,5,970.26,1
13959,79,3,551.54,3
13960,21,2,159.42000000000002,0
13962,22,2,169.54999999999998,0
13963,308,4,564.74,3
13967,146,1,35.7,2
13969,7,18,6420.0,1
13971,19,8,2505.9,1
13972,71,2,190.25,2
13973,287,1,157.7,2
13974,49,1,413.59000000000003,0
13975,31,6,2238.13,1
13976,207,1,109.82,2
13978,15,2,156.23,0
13979,73,1,869.87,3
13980,60,1,113.14,2
13982,39,4,1405.6100000000001,3
13983,40,9,1234.39,1
13984,27,4,239.63,0
13985,4,15,6397.62,1
13986,17,1,200.82,0
13988,20,6,3704.04,1
13989,66,2,524.5600000000001,3
13990,213,1,311.3,2
13991,12,6,813.28,1
13992,30,1,76.8,0
13993,43,9,2139.46,1
13994,4,6,2185.04,1
13995,15,5,1393.69,1
13999,10,12,3158.59,1
14000,211,1,144.6,2
14001,46,3,449.6,3
14002,134,2,529.73,3
14004,43,7,2947.7,1
14005,10,5,1104.32,1
14006,116,3,519.55,3
14009,198,2,695.61,3
14012,278,1,289.2,2
14013,110,3,433.41999999999996,3
14014,77,1,505.18,2
14015,53,1,151.5,2
14016,162,4,2545.53,3
14019,47,3,1000.8100000000001,3
14020,17,2,603.2,0
14021,155,2,325.70000000000005,2
14022,225,1,440.0,2
14023,7,2,539.52,0
14024,122,2,327.7,2
14027,61,1,104.82,2
14029,63,2,191.46,2
14030,18,8,1797.64,1
14031,7,15,1843.88,1
14032,16,10,2090.95,1
14034,22,3,415.29,0
14035,29,5,789.0,3
14036,285,1,626.65,2
14037,176,2,147.20000000000002,2
14038,78,3,1520.78,3
14039,33,1,82.6,0
14040,41,12,2256.42,1
14041,266,1,101.51,2
14044,27,4,596.47,3
14046,284,1,114.67,2
14047,9,5,517.77,0
14048,305,1,409.93,2
14049,17,4,4532.42,1
14050,32,2,746.36,3
14051,1,19,1956.19,1
14052,20,1,225.35999999999999,0
14053,160,1,41.75,2
14054,65,1,92.46000000000001,2
14055,106,1,128.04,2
14056,1,23,7310.75,1
14057,24,16,3526.97,1
14059,267,1,132.6,2
14060,5,18,2328.34,1
14062,10,7,635.01,1
14064,29,5,800.34,3
14066,267,1,152.55,2
14067,64,2,374.7,3
14068,320,1,225.35,2
14071,4,8,1397.01,1
14073,32,1,151.04,0
14075,5,3,608.48,0
14076,129,1,118.67,2
14077,78,4,327.7,3
14078,102,6,417.42,3
14079,125,1,148.9,2
14080,33,1,45.599999999999994,2
14081,302,2,921.62,3
14082,365,1,182.25,2
14083,4,9,1002.9,1
14085,2,18,4189.89,1
14087,3,1,191.47,0
14088,10,10,3244.42,1
14089,57,1,158.75,2
14092,8,14,3454.56,1
14093,12,1,433.86,0
14096,4,17,41309.87,1
14098,37,1,86.14999999999999,2
14099,16,11,2748.09,1
14100,138,1,191.95,2
14101,295,1,28.15,2
14102,5,5,551.18,1
14104,155,2,131.21,2
14105,239,1,1042.52,2
14107,52,7,2119.28,3
14108,31,2,538.51,0
14109,73,1,144.2,2
14110,37,10,2227.27,1
14111,14,3,78.3,0
14112,23,7,2731.55,1
14113,4,4,452.62,0
14114,274,2,296.83,2
14116,20,5,1243.66,3
14117,144,1,90.0,2
14121,4,4,2425.49,1
14124,84,1,48.08,2
14125,11,3,2633.23,1
14126,11,1,213.35000000000002,0
14127,123,3,709.71,3
14128,61,2,637.5,3
14129,2,5,1039.8600000000001,1
14130,319,1,440.11,2
14132,2,11,2854.19,1
14133,130,3,566.04,3
14135,2,14,1728.2,1
14138,2,2,815.88,0
14139,46,1,354.62,0
14140,4,2,935.05,0
14141,3,4,701.23,0
14142,373,1,311.81,2
14143,134,1,115.8,2
14146,9,5,3297.5,1
14147,78,1,15.0,2
14148,234,1,29.7,2
14149,221,1,446.62,2
14150,36,2,329.68,0
14152,75,2,621.29,3
14154,239,2,830.52,3
14155,266,1,118.75,2
14156,10,38,13137.98,1
14157,20,2,424.89000000000004,0
14158,40,1,507.65999999999997,0
14159,20,11,4579.35,1
14161,216,3,1057.82,3
14162,174,2,248.56,2
14163,87,4,485.40999999999997,3
14164,81,1,374.4,2
14165,276,1,120.44,2
14167,39,4,562.59,3
14171,98,1,363.79,2
14173,11,4,274.24,0
14174,33,1,134.46,0
14175,60,3,2571.85,3
14176,297,4,576.9000000000001,3
14177,96,3,249.66,2
14178,9,7,1540.86,1
14179,41,2,701.57,3
14180,11,25,4087.82,1
14184,67,1,413.09,2
14185,331,1,32.65,2
14188,31,6,740.56,3
14189,2,15,4076.19,1
14191,2,13,3932.7400000000002,1
14193,68,2,700.19,3
14194,5,20,9556.58,1
14196,107,1,90.72,2
14198,18,4,660.6,3
14199,218,1,10.2,2
14201,60,7,566.36,3
14204,2,1,150.61,0
14205,17,2,466.7,0
14206,239,1,328.15999999999997,2
14208,95,1,151.74,2
14209,11,6,1558.43,1
14210,106,6,1775.44,3
14211,53,9,1932.5,1
14214,31,5,1004.38,3
14215,12,6,1789.72,1
14216,3,4,926.15,1
14217,2,17,1667.7,1
14218,43,1,169.48000000000002,0
14219,4,1,89.94,0
14220,247,2,313.97,2
14221,42,9,3010.2,1
14222,177,1,601.57,2
14223,92,3,951.53,3
14224,110,4,840.38,3
14226,29,5,831.09,3
14227,26,10,2896.36,1
14229,52,3,419.59000000000003,3
14231,184,3,845.8100000000001,3
14232,43,5,1903.17,3
14233,49,4,421.66,3
14234,22,4,709.12,3
14235,75,5,881.4,3
14236,81,2,180.06,2
14237,373,1,161.0,2
14238,326,1,146.85,2
14239,43,11,2048.1,1
14240,30,2,722.79,3
14241,184,1,147.3,2
14242,235,2,280.55,2
14243,9,10,2272.57,1
14245,220,2,1574.65,3
14246,111,3,1394.86,3
14247,278,1,136.77,2
14248,318,1,98.58,2
14250,7,3,1864.45,1
14251,2,5,1072.14,1
14256,260,2,879.0600000000001,3
14257,64,5,1732.02,3
14258,90,5,238.2,3
14259,142,1,80.4,2
14261,51,2,939.49,3
14262,8,8,2304.61,1
14264,155,2,286.37,2
14265,109,2,530.18,3
14267,163,3,773.94,3
14270,332,1,492.65000000000003,2
14271,226,1,112.32000000000001,2
14272,74,2,437.96,3
14273,51,4,518.37,3
14276,99,3,1033.29,3
14277,15,3,3382.36,3
14280,197,1,134.04,2
14282,3,15,2107.14,1
14284,31,2,595.25,0
14285,21,4,293.93,0
14286,24,3,3931.4900000000002,3
14287,8,3,176.63,0
14288,213,1,261.0,2
14289,9,6,728.5600000000001,1
14290,11,5,1716.04,1
14291,2,11,3703.85,1
14292,8,9,1242.83,1
14293,3,4,909.76,1
14295,40,1,65.4,2
14297,18,4,965.45,3
14298,8,41,25738.29,1
14299,8,8,2390.14,1
14300,19,1,43.2,0
14301,117,1,82.8,2
14304,223,1,335.75,2
14305,71,3,1581.76,3
14306,51,2,366.32,0
14307,89,6,2803.07,3
14309,8,9,1712.3,1
14311,243,1,310.26,2
14312,47,6,1466.39,3
14314,107,1,73.19999999999999,2
14315,45,6,1883.3300000000002,3
14317,65,1,442.58,2
14320,207,2,477.79,2
14321,11,5,1447.35,1
14323,115,2,605.0600000000001,3
14326,242,1,123.85000000000001,2
14327,163,1,148.15,2
14329,17,7,4364.7,1
14331,124,2,462.66,2
14332,23,3,212.37,0
14333,68,1,213.20000000000002,2
14334,17,8,2436.21,1
14335,16,2,454.86,0
14336,17,4,1445.51,3
14338,161,2,537.22,2
14339,243,1,248.32,2
14340,219,1,134.7,2
14341,45,8,2040.26,1
14342,21,4,260.0,0
14344,127,8,717.98,3
14345,39,1,69.38,2
14346,121,2,936.58,3
14348,260,1,271.87,2
14349,10,1,133.5,0
14350,274,1,282.93,2
14352,157,4,884.51,3
14353,215,1,90.6,2
14354,6,2,163.62,0
14355,366,1,174.4,2
14356,80,2,521.83,3
14357,43,1,225.12,0
14359,19,3,912.1800000000001,3
14360,32,4,1932.53,3
14362,22,1,151.5,0
14364,109,8,944.7,3
14367,8,16,7509.860000000001,1
14368,320,1,155.0,2
14371,295,1,60.900000000000006,2
14373,358,1,76.55,2
14375,185,1,235.56,2
14377,191,2,160.85000000000002,2
14379,44,2,348.1,0
14381,52,1,202.68,2
14382,26,1,615.49,0
14383,38,3,1008.54,3
14385,9,3,202.10999999999999,0
14386,297,1,142.4,2
14387,33,3,1601.44,3
14388,10,8,2984.84,1
14389,65,2,670.66,3
14390,10,9,3014.11,1
14393,218,1,67.95,2
14395,2,9,3395.56,1
14396,65,2,487.99,3
14397,3,17,1226.84,1
14400,149,1,363.98,2
14401,4,13,2577.22,1
14403,217,2,64.35,2
14404,34,6,1086.02,3
14406,119,1,156.75,2
14407,107,6,939.88,3
14408,11,7,984.71,1
14409,71,4,791.37,3
14410,92,9,1049.27,3
14412,43,2,648.63,3
14413,362,1,121.05,2
14414,92,7,1344.62,3
14415,1,13,5669.52,1
14416,22,2,189.5,0
14418,4,3,1500.16,1
14419,11,6,1051.79,1
14420,99,1,387.52,2
14421,57,2,315.36,0
14422,1,6,3706.94,1
14423,218,1,20.4,2
14426,24,10,3341.33,1
14427,64,1,236.18,2
14428,7,5,1103.19,1
14431,303,1,346.16,2
14432,10,6,2054.3,1
14436,99,1,89.06,2
14437,366,1,63.0,2
14438,306,1,131.9,2
14439,320,1,81.3,2
14440,8,5,855.08,1
14441,1,4,769.89,1
14442,205,2,893.52,3
14443,54,4,1420.2,3
14446,1,4,1010.35,1
14447,19,5,1163.23,3
14448,9,2,137.75,0
14449,19,4,885.8,3
14450,181,3,483.25,3
14451,60,2,643.9,3
14452,11,2,259.05,0
14453,190,1,119.93,2
14456,5,9,3017.28,1
14457,311,1,68.64,2
14459,155,1,271.6,2
14460,110,3,352.97999999999996,3
14461,148,3,1757.1,3
14462,66,11,1940.97,1
14463,171,1,15.0,2
14465,247,3,477.14,3
14466,29,7,972.25,3
14467,18,4,596.26,3
14470,12,2,411.19,0
14472,104,8,1802.77,3
14473,74,1,149.34,2
14474,46,1,547.66,0
14475,72,3,725.0500000000001,3
14476,257,1,193.0,2
14479,254,2,316.25,2
14480,11,1,229.13,0
14481,165,2,427.55,2
14482,18,6,1073.01,1
14483,282,1,137.1,2
14484,50,1,321.92,0
14485,39,1,162.8,0
14487,27,6,1074.58,3
14488,68,1,781.08,3
14489,207,1,463.38,2
14491,175,2,246.43,2
14493,7,5,2044.27,1
14494,26,1,139.56,0
14495,51,2,123.80000000000001,2
14496,312,2,314.77,2
14497,309,1,475.37,2
14498,43,5,1498.85,3
14499,26,3,808.44,3
14500,88,2,63.45,2
14501,184,2,251.21,2
14502,20,9,2250.73,1
14503,3,6,2330.36,1
14504,47,4,673.26,3
14505,17,8,5357.11,1
14506,17,5,1915.65,1
14507,40,5,1035.03,3
14508,22,2,268.05,0
14511,11,5,1143.73,1
14512,188,2,275.28,2
14513,289,1,18.75,2
14514,61,3,770.6,3
14515,18,6,1188.71,1
14517,33,2,330.45,0
14518,64,1,174.37,2
14520,2,1,43.2,0
14522,92,2,84.26,2
14523,108,1,194.29000000000002,2
14524,32,9,1597.43,1
14525,20,9,2614.58,1
14527,3,55,8125.2300000000005,1
14528,37,1,278.65999999999997,0
14529,60,3,578.61,3
14530,26,6,2494.9700000000003,1
14532,236,4,805.65,3
14533,25,7,916.0,3
14534,3,18,3827.18,1
14535,60,3,2748.19,3
14536,260,1,119.95,2
14537,58,1,88.92,2
14538,65,2,335.15,2
14539,16,2,496.92,0
14540,10,3,952.66,0
14541,59,8,926.75,3
14542,186,1,103.25,2
14543,29,16,807.39,1
14544,24,2,1294.27,3
14546,5,5,2573.93,1
14547,4,8,3660.25,1
14549,311,1,289.24,2
14550,11,2,402.29,0
14551,18,2,186.23,0
14552,152,1,164.22,2
14553,19,5,654.47,3
14554,10,4,1911.21,1
14555,57,2,251.7,0
14557,85,1,132.04,2
14560,17,18,1116.17,1
14561,76,3,1041.16,3
14562,4,17,4058.67,1
14565,96,4,2257.2200000000003,3
14567,57,2,383.40000000000003,3
14569,1,1,50.75,0
14570,281,2,140.71,2
14572,3,7,2373.7400000000002,1
14573,180,9,1594.97,3
14576,372,1,35.400000000000006,2
14577,13,4,859.71,3
14578,3,1,168.63,0
14581,17,1,138.6,0
14582,41,1,114.11,2
14583,6,5,986.96,1
14584,169,4,969.26,3
14585,50,1,157.05,2
14586,277,1,237.35999999999999,2
14587,19,9,1580.29,1
14589,372,1,39.75,2
14591,15,4,1211.71,3
14592,35,3,557.94,3
14593,22,3,542.15,0
14594,7,2,363.33,0
14595,20,6,1555.2,1
14597,11,2,246.0,0
14598,44,1,221.97,0
14600,306,1,393.33000000000004,2
14601,11,1,123.96000000000001,0
14606,1,92,11024.49,1
14607,19,1,45.300000000000004,0
14608,4,3,89.4,0
14616,285,1,10.08,2
14618,9,3,264.6,0
14619,246,1,394.44,2
14620,206,2,412.78000000000003,2
14621,1,5,1517.06,1
14622,185,1,320.58000000000004,2
14623,32,5,826.7,3
14624,57,2,225.85,2
14625,196,2,899.63,3
14626,24,4,1913.3600000000001,3
14628,91,2,384.66,2
14629,4,2,955.26,0
14631,51,3,608.28,3
14632,263,1,114.56,2
14633,266,1,344.90000000000003,2
14636,36,2,527.2900000000001,0
14638,51,1,208.8,2
14639,52,6,2879.4900000000002,3
14640,24,6,1729.53,1
14641,22,1,70.86,0
14642,59,1,19.8,2
14643,170,2,410.76,2
14644,68,2,406.52000000000004,3
14645,157,2,455.14,2
14646,2,44,5666.88,1
14647,201,1,137.04,2
14649,5,4,1096.59,1
14651,67,2,653.75,3
14652,77,1,114.18,2
14653,1,7,1765.75,1
14655,8,4,628.6800000000001,0
14656,169,2,291.05,2
14657,18,4,848.22,3
14658,5,2,207.2,0
14659,9,9,2529.93,1
14660,87,2,159.38,2
14661,27,1,41.05,0
14662,29,4,696.37,3
14664,20,2,636.24,0
14665,61,4,1492.95,3
14666,24,1,195.25,0
14667,11,25,6361.9400000000005,1
14669,242,3,1259.24,3
14670,280,2,392.86,2
14672,235,2,681.2,3
14673,3,5,1195.44,1
14675,16,1,535.52,0
14676,31,4,284.04,0
14680,25,15,1456.17,1
14681,212,1,53.95,2
14682,188,2,52.0,2
14684,26,5,1140.31,3
14687,107,1,177.42000000000002,2
14688,8,20,3148.28,1
14689,209,1,112.80000000000001,2
14690,44,2,355.05,0
14691,31,4,952.39,3
14692,137,4,591.55,3
14693,265,1,45.4,2
14696,4,7,1976.95,1
14697,218,2,148.77,2
14698,2,5,1217.27,1
14699,214,1,109.13000000000001,2
14700,32,3,1512.3,3
14701,11,9,1924.0,1
14702,1,17,3097.34,1
14703,15,1,318.17,0
14704,11,9,1493.96,1
14708,3,2,369.39,0
14709,15,13,2531.64,1
14710,14,4,599.48,0
14711,10,11,1897.31,1
14712,75,2,144.03,2
14713,9,11,2331.8,1
14714,24,1,79.55,0
14715,25,4,702.58,3
14716,43,2,257.11,0
14719,2,5,1581.84,1
14720,6,3,603.8100000000001,0
14722,147,1,180.42,2
14723,10,6,1122.36,1
14725,25,1,535.08,0
14727,274,1,116.03,2
14729,374,1,313.49,2
14730,1,8,1897.57,1
14731,47,3,380.02,3
14732,8,8,2333.29,1
14733,16,12,2228.69,1
14735,4,27,2860.05,1
14737,4,2,123.3,0
14738,43,7,1023.09,3
14739,4,7,446.88,1
14740,197,3,1380.41,3
14741,12,6,970.74,1
14744,16,6,237.48000000000002,0
14745,113,5,1109.86,3
14747,249,1,328.2,2
14748,29,5,1415.75,3
14752,44,1,30.0,2
14753,87,1,563.15,2
14754,45,2,638.05,3
14755,10,11,4036.77,1
14756,15,1,738.96,0
14757,75,1,339.38,2
14758,145,4,1294.86,3
14759,5,3,1625.97,1
14760,297,1,89.2,2
14761,59,2,158.10000000000002,2
14762,264,1,300.52,2
14764,47,1,79.8,2
14765,29,3,254.11,0
14766,8,6,2097.09,1
14768,127,1,80.10000000000001,2
14769,3,8,9571.36,1
14770,232,2,876.4200000000001,3
14772,112,1,139.26,2
14775,58,3,864.3,3
14776,51,11,1640.7,1
14778,127,2,525.0600000000001,3
14779,281,3,346.2,2
14780,55,2,447.68,3
14782,320,1,110.10000000000001,2
14784,26,2,209.48000000000002,0
14785,10,2,77.4,0
14788,7,2,444.99,0
14789,29,1,138.24,0
14790,17,4,660.06,3
14792,64,1,6.2,2
14793,21,1,228.99,0
14794,3,7,1174.51,1
14795,166,1,131.45000000000002,2
14796,1,17,6902.32,1
14798,53,3,173.74,0
14799,51,1,157.7,2
14800,48,12,3752.09,1
14801,61,1,189.34,2
14803,162,3,252.15,2
14804,9,1,143.72,0
14805,15,4,395.2,0
14806,75,1,193.39000000000001,2
14808,40,7,1890.54,3
14810,41,11,2085.33,1
14813,370,2,152.88,2
14815,37,2,778.5,3
14816,197,1,21.85,2
14817,200,2,968.74,3
14818,74,3,468.0,3
14819,64,2,176.07,2
14820,21,4,507.29,3
14821,367,1,48.800000000000004,2
14823,180,3,321.43,2
14824,10,4,273.06,0
14825,4,12,1790.49,1
14828,197,2,46.08,2
14829,29,4,697.55,3
14830,53,1,188.88,2
14834,18,6,1171.8,1
14836,10,3,102.45,0
14837,90,4,1649.5,3
14840,268,1,62.85,2
14841,53,6,2301.03,3
14842,44,4,2380.41,3
14844,64,4,1963.29,3
14847,149,1,256.3,2
14849,22,24,6152.09,1
14850,312,1,325.75,2
14851,23,2,448.35,0
14852,58,6,2470.21,3
14853,24,2,125.4,0
14854,78,7,1836.43,3
14855,119,2,315.65,2
14856,36,3,1025.21,3
14857,60,2,1173.1200000000001,3
14859,13,4,869.94,3
14860,19,1,129.76,0
14861,52,1,86.19,2
14862,26,2,841.2,3
14863,29,1,202.07999999999998,0
14865,7,2,52.2,0
14866,11,6,251.9,0
14867,186,3,669.72,3
14868,3,8,2395.89,1
14869,9,2,721.45,0
14870,262,1,196.75,2
14871,3,4,501.28000000000003,0
14873,210,1,479.88,2
14875,108,2,717.72,3
14878,13,9,1102.89,1
14880,77,3,690.59,3
14881,20,1,255.4,0
14882,27,2,107.4,0
14883,19,6,721.03,3
14885,132,1,54.72,2
14886,253,1,325.0,2
14888,207,1,328.7,2
14889,336,1,135.9,2
14890,254,1,125.65,2
14891,148,2,554.38,3
14893,10,2,1237.8500000000001,0
14894,85,1,351.8,2
14895,8,17,8316.36,1
14896,205,2,429.77000000000004,2
14897,8,4,1014.58,1
14898,23,6,952.96,3
14901,11,9,1085.61,1
14902,26,1,332.66,0
14903,21,5,2750.33,1
14904,2,2,716.42,0
14905,158,2,181.75,2
14907,3,7,2961.13,1
14908,74,1,113.6,2
14910,3,4,434.35,0
14911,1,190,85414.0,1
14912,17,2,409.09000000000003,0
14913,36,4,1063.63,3
14915,91,2,184.48000000000002,2
14916,71,4,1171.78,3
14918,116,2,595.85,3
14920,213,2,977.77,3
14921,30,2,1266.57,3
14923,51,1,702.3,0
14924,246,1,137.65,2
14929,32,1,172.88,0
14930,109,3,2048.26,3
14931,5,4,601.6800000000001,0
14932,366,1,313.53,2
14934,82,2,1359.34,3
14936,34,8,6495.9,1
14937,57,2,358.44000000000005,0
14944,30,12,2722.23,1
14946,14,1,100.9,0
14947,72,2,240.9,2
14948,23,6,1002.47,3
14950,19,1,321.4,0
14951,79,1,311.69,2
14952,60,6,1461.49,3
14953,25,1,285.67,0
14954,12,1,294.85,0
14957,253,1,58.49,2
14958,147,3,483.73,3
14959,64,4,641.34,3
14960,8,2,153.77,0
14961,11,9,5367.41,1
14962,271,1,56.5,2
14963,10,5,1150.69,1
14964,247,1,104.45,2
14965,96,1,471.59,2
14966,15,1,183.02,0
14967,50,1,30.0,2
14968,30,1,147.59,0
14970,68,1,189.11,2
14971,35,3,1097.98,3
14972,128,1,114.77,2
14973,107,3,483.33,3
14974,37,1,89.94,2
14975,57,1,91.57,2
14976,57,7,689.86,3
14978,72,5,1873.67,3
14981,246,1,102.12,2
14984,19,2,202.37,0
14985,198,2,292.01,2
14988,212,1,289.54,2
14995,39,2,231.98000000000002,0
14997,46,3,328.28,3
14998,170,2,371.07,2
15000,48,1,490.52,0
15002,116,4,1364.55,3
15004,147,1,1068.67,3
15005,16,28,6295.37,1
15006,51,1,480.38,0
15007,159,1,156.91,2
15009,12,3,1214.43,3
15010,36,1,308.94,0
15012,54,2,405.04,3
15014,43,2,175.17,0
15016,173,1,170.04,2
15017,34,1,125.58,0
15018,39,3,405.26,3
15019,267,1,252.81,2
15021,9,9,1830.27,1
15022,12,3,812.44,0
15023,3,11,5775.58,1
15024,10,9,1462.18,1
15025,33,1,361.96,0
15026,80,3,392.5,3
15027,31,4,534.55,3
15028,8,4,409.73,0
15030,268,1,51.0,2
15031,4,4,581.19,0
15032,256,3,339.1,2
15033,5,10,2409.16,1
15034,16,8,3409.01,1
15035,90,1,252.73000000000002,2
15036,72,3,429.56,3
15038,59,6,636.24,3
15039,10,46,13119.04,1
15041,170,1,179.93,2
15042,199,1,59.43,2
15044,19,17,6342.04,1
15045,152,2,79.96000000000001,2
15046,9,15,2065.09,1
15047,270,1,343.62,2
15048,65,4,381.0,3
15049,274,1,40.050000000000004,2
15050,25,3,909.01,3
15051,23,3,1203.96,3
15052,319,1,127.83,2
15053,5,3,643.95,0
15054,12,2,302.1,0
15057,275,2,202.8,2
15058,25,11,1887.14,1
15059,41,9,1337.72,1
15060,8,4,294.25,0
15061,4,32,2456.9700000000003,1
15062,71,4,909.86,3
15063,213,1,76.0,2
15065,38,4,2572.48,3
15066,53,1,690.59,0
15067,78,3,1266.6,3
15068,46,2,553.36,3
15069,179,1,1109.53,3
15071,94,2,334.87,2
15073,10,3,814.45,0
15074,105,1,735.67,2
15075,78,1,403.47,2
15076,173,1,830.45,2
15078,7,32,7400.1900000000005,1
15079,213,3,610.5600000000001,3
15081,22,5,504.8,3
15083,257,1,88.2,2
15087,282,1,246.46,2
15088,21,2,987.77,3
15089,10,6,2129.89,1
15090,308,1,381.32,2
15091,68,1,480.71,2
15092,215,2,457.81,2
15093,18,6,972.92,1
15095,104,4,730.5,3
15096,43,1,172.59,0
15097,4,1,248.08,0
15099,84,1,287.05,2
15101,9,2,110.05000000000001,0
15103,31,2,618.36,0
15104,197,2,993.54,3
15105,18,7,1536.51,1
15106,18,5,1382.92,3
15107,330,5,227.7,2
15108,142,3,1012.25,3
15109,246,1,484.95,2
15110,24,4,532.0,3
15111,29,3,1448.68,3
15113,10,2,858.77,0
15114,30,10,2629.16,1
15115,18,1,340.11,0
15116,18,4,683.72,3
15117,15,5,1199.78,1
15119,246,1,226.45,2
15120,134,1,279.27,2
15121,50,2,457.72,3
15122,114,3,1213.28,3
15123,7,2,1770.79,0
15124,23,2,184.19,0
15125,113,7,548.04,3
15127,66,1,260.13,2
15128,60,4,1380.4,3
15129,50,10,1241.98,1
15130,170,1,330.11,2
15132,18,5,806.8100000000001,3
15133,128,3,363.5,3
15134,15,8,1153.69,1
15135,239,1,139.05,2
15136,3,4,1189.5,1
15139,240,2,178.96,2
15140,52,7,1341.81,3
15142,46,1,395.24,0
15143,226,1,259.45,2
15144,8,16,2827.88,1
15145,4,4,1001.43,1
15146,165,2,1245.56,3
15147,240,1,484.9,2
15148,11,1,301.29,0
15149,134,1,348.90000000000003,2
15150,17,10,5250.53,1
15152,10,13,4495.58,1
15153,31,1,329.25,0
15154,75,1,254.28,2
15156,1,3,781.64,0
15157,4,3,1655.27,1
15158,45,1,93.96000000000001,2
15159,2,29,10641.54,1
15160,357,1,51.96000000000001,2
15163,18,2,235.17000000000002,0
15164,69,3,824.58,3
15165,373,1,487.75,2
15167,321,1,158.8,2
15168,26,1,58.86,0
15172,9,5,1542.45,1
15174,323,1,135.75,2
15175,72,1,224.14,2
15178,260,1,40.5,2
15179,18,3,1352.1100000000001,3
15180,367,1,87.5,2
15181,66,2,106.07999999999998,2
15182,154,2,622.85,3
15184,29,2,402.2,0
15185,70,1,230.72,2
15186,14,2,411.41,0
15187,2,10,1046.42,1
15189,4,28,1797.41,1
15192,120,3,697.32,3
15193,61,1,357.72,2
15194,3,15,4780.01,1
15197,11,3,437.61,0
15198,92,2,193.64,2
15199,236,2,81.75,2
15201,87,5,1038.54,3
15203,26,6,1827.8,1
15204,357,1,102.06,2
15205,85,2,565.64,3
15206,146,2,53.10000000000001,2
15208,1,5,663.82,1
15210,225,1,281.23,2
15211,60,2,894.4100000000001,3
15212,241,1,62.0,2
15213,319,2,328.35,2
15214,2,8,1661.44,1
15215,47,3,624.84,3
15216,88,1,33.0,2
15218,11,9,1809.94,1
15219,176,1,95.35,2
15220,52,6,1687.16,3
15223,226,2,278.75,2
15224,358,2,160.48,2
15225,234,1,409.40000000000003,2
15226,311,1,154.41,2
15227,37,5,1178.84,3
15228,66,4,2208.73,3
15230,241,1,310.8,2
15232,113,2,562.06,3
15234,277,1,197.0,2
15235,218,12,2247.51,3
15236,299,1,231.04999999999998,2
15237,2,4,1412.32,1
15238,29,3,728.39,3
15239,10,2,780.59,0
15240,45,5,1217.95,3
15241,67,8,1480.52,3
15243,74,1,316.68,2
15244,65,2,560.77,3
15245,134,3,1465.54,3
15246,238,2,514.15,2
15247,122,1,45.199999999999996,2
15249,32,13,5974.96,1
15251,91,3,182.88,2
15252,36,2,740.78,3
15253,16,5,877.4,3
15254,127,1,300.36,2
15255,67,1,665.45,3
15256,149,1,98.45,2
15257,283,1,152.14999999999998,2
15258,169,2,623.16,3
15260,100,6,1413.5800000000002,3
15261,135,1,254.82,2
15262,324,1,178.95000000000002,2
15263,107,1,156.51,2
15264,64,1,393.74,2
15265,151,2,1361.25,3
15266,338,1,79.5,2
15270,16,6,598.85,3
15271,7,15,2410.39,1
15272,57,2,682.14,3
15274,4,2,716.57,0
15275,38,1,615.14,0
15276,66,1,128.63,2
15277,47,1,131.7,2
15279,355,1,290.51,2
15280,172,1,113.12,2
15281,59,9,2292.55,1
15287,22,2,253.29000000000002,0
15288,43,5,873.87,3
15289,29,3,749.94,3
15290,5,18,2784.91,1
15291,26,11,1442.04,1
15292,201,1,178.39,2
15296,51,6,3226.02,3
15297,10,3,641.94,0
15298,2,11,2909.12,1
15300,64,1,496.44,2
15301,51,11,3705.9900000000002,1
15303,290,1,574.02,2
15304,61,4,272.3,3
15306,64,3,1072.35,3
15307,96,1,205.3,2
15308,274,1,310.47,2
15311,1,91,13123.14,1
15312,75,4,756.25,3
15314,199,1,327.97,2
15315,64,2,570.5,3
15318,4,1,265.21999999999997,0
15319,284,1,204.5,2
15320,44,1,197.53,0
15321,71,3,1698.8100000000002,3
15322,86,1,639.12,2
15325,104,1,161.74,2
15326,334,1,311.71,2
15327,53,1,208.75,2
15329,39,3,973.2,3
15330,32,2,140.16,0
15332,370,3,233.10000000000002,2
15333,208,1,184.9,2
15334,157,3,350.82,2
15335,54,1,170.22,2
15339,66,2,574.07,3
15342,130,1,406.09000000000003,2
15343,87,1,364.5,2
15344,1,3,512.94,0
15345,46,1,393.54,0
15346,333,1,252.42000000000002,2
15347,366,1,81.60000000000001,2
15348,72,1,158.04,2
15349,158,2,463.91,2
15350,373,1,115.65,2
15351,12,7,1703.15,1
15353,255,2,579.47,2
15355,29,2,229.35000000000002,0
15356,31,10,2718.03,1
15358,5,22,7644.34,1
15360,40,1,192.58,0
15361,362,1,100.2,2
15363,373,1,286.40000000000003,2
15364,96,2,412.07,2
15365,26,7,1915.92,1
15366,75,2,602.51,3
15367,57,4,1573.94,3
15368,21,1,16.5,0
15370,60,6,1487.15,3
15372,137,1,120.96,2
15373,8,12,1558.96,1
15374,129,1,25.200000000000003,2
15376,40,3,1221.56,3
15379,169,7,3153.4900000000002,3
15380,9,4,431.15999999999997,0
15381,268,1,103.50000000000001,2
15382,15,6,4803.65,1
15384,170,2,563.81,3
15385,40,1,158.96,0
15386,186,1,394.14,2
15388,270,1,140.54,2
15392,5,4,1191.3700000000001,1
15393,16,2,191.3,0
15394,10,4,1588.64,1
15395,326,1,107.45,2
15396,113,1,169.18,2
15397,290,1,94.0,2
15398,16,2,1345.53,3
15399,1,3,765.85,0
15400,128,2,50.2,2
15402,149,2,496.21000000000004,2
15405,189,1,42.44,2
15406,31,2,423.21000000000004,0
15407,34,4,742.99,3
15408,264,1,267.18,2
15410,84,8,2065.36,3
15411,26,4,1248.43,3
15412,171,1,88.53,2
15414,10,3,613.14,0
15415,313,1,559.61,2
15416,65,4,3107.02,3
15417,85,1,508.8,2
15419,25,1,135.86,0
15421,59,4,950.36,3
15422,323,2,97.7,2
15423,38,1,43.5,2
15424,254,2,277.86,2
15426,19,5,1232.71,3
15427,33,3,1430.54,3
15428,15,1,93.78,0
15429,27,2,397.35,0
15432,23,1,171.19000000000003,0
15433,214,2,533.3,2
15434,8,5,861.48,1
15435,22,1,149.29,0
15436,12,3,1067.75,3
15437,262,1,200.16,2
15438,131,1,156.57999999999998,2
15440,55,3,341.18,3
15443,2,7,3118.44,1
15444,9,2,1411.21,0
15445,264,1,113.5,2
15447,331,1,155.17000000000002,2
15448,313,1,494.64,2
15449,26,3,974.52,3
15450,30,1,429.84,0
15452,30,3,528.48,3
15453,2,7,1371.77,1
15454,362,1,179.1,2
15456,283,3,434.59,2
15457,262,1,237.07,2
15458,25,1,122.03999999999999,0
15460,354,1,214.26,2
15462,94,3,144.6,2
15463,29,1,126.14,0
15464,338,1,944.8,2
15465,20,17,1018.59,1
15466,85,1,334.53,2
15467,9,3,478.08,0
15468,51,2,467.51,3
15469,50,2,415.45,0
15471,2,1,372.88,0
15472,113,1,371.56,2
15475,77,1,406.31,2
15478,40,2,469.94000000000005,0
15480,116,1,657.25,2
15482,16,9,505.66,1
15483,161,4,225.26,2
15484,1,4,2160.7,1
15485,30,3,1103.44,3
15488,93,1,15.0,2
15489,23,3,798.0400000000001,3
15491,95,6,2325.7000000000003,3
15492,28,2,569.86,0
15493,33,5,1862.6100000000001,3
15494,21,2,1170.78,3
15497,18,2,90.0,0
15498,3,25,7281.26,1
15500,8,4,1131.56,1
15502,16,11,3129.32,1
15503,363,1,141.04,2
15504,81,1,52.83,2
15505,53,4,975.1,3
15506,23,3,811.28,3
15507,172,1,475.86,2
15508,189,6,910.27,3
15511,12,5,900.53,1
15512,156,2,121.0,2
15513,33,15,3506.04,1
15514,12,10,1800.31,1
15516,45,3,62.43,2
15517,233,1,267.03,2
15518,64,8,1921.55,3
15520,2,1,343.5,0
15521,40,7,2066.26,3
15522,33,2,358.15,0
15523,84,1,97.01,2
15525,2,3,734.37,0
15526,33,2,29.04,2
15527,19,8,1378.0800000000002,1
15528,254,1,130.77,2
15529,23,11,3713.3,1
15530,22,4,1396.81,3
15531,8,2,1836.74,0
15532,25,4,1564.73,3
15533,19,3,728.37,3
15535,173,4,502.9,3
15537,163,1,110.92,2
15539,7,1,417.26,0
15540,11,1,213.3,0
15541,114,1,85.13000000000001,2
15543,288,1,127.86,2
15544,9,9,3546.71,1
15545,54,2,288.96999999999997,0
15547,7,14,4471.6,1
15549,77,3,1293.95,3
15550,4,4,536.03,0
15551,37,1,355.7,0
15552,217,1,90.12,2
15553,60,1,428.93,2
15554,278,1,217.2,2
15555,12,16,4505.06,1
15556,24,1,229.76999999999998,0
15557,29,1,297.71000000000004,0
15561,12,4,365.19,0
15563,22,4,1209.64,3
15565,50,2,173.16000000000003,0
15567,19,1,86.17,0
15568,3,3,658.69,0
15569,132,2,71.91,2
15570,7,12,4024.62,1
15571,12,4,367.5,0
15572,5,7,1837.93,1
15573,32,2,591.1899999999999,0
15574,178,4,675.64,3
15576,38,1,507.53,0
15577,151,3,258.88,2
15578,162,1,87.5,2
15579,69,2,327.6,2
15581,156,10,627.28,3
15582,25,3,682.9100000000001,3
15584,24,4,675.86,3
15585,177,1,415.7,2
15587,50,2,61.2,2
15589,256,3,478.53,3
15592,47,1,328.58,0
15593,71,1,45.0,2
15594,16,5,1732.18,1
15596,101,5,1247.79,3
15597,35,1,324.57,0
15598,53,1,240.68,2
15599,27,2,761.74,3
15601,11,14,6317.04,1
15602,8,6,650.47,1
15603,79,1,48.480000000000004,2
15604,52,1,216.39000000000001,2
15605,36,5,1108.03,3
15606,61,9,879.28,3
15607,337,1,104.76,2
15608,28,4,986.4,3
15609,184,1,298.48,2
15610,52,1,112.46000000000001,2
15611,10,12,709.24,1
15612,36,2,105.9,0
15615,10,22,6089.64,1
15618,33,4,776.851,3
15620,57,3,1553.18,3
15621,4,2,61.85,0
15622,43,9,3325.11,1
15623,141,1,301.03000000000003,2
15624,117,4,588.13,3
15625,104,4,1047.18,3
15626,75,2,636.0,3
15628,5,9,2764.64,1
15630,45,2,982.55,3
15632,16,8,2285.41,1
15634,17,1,243.55,0
15636,90,2,427.06,3
15637,53,1,223.36,2
15639,134,1,345.72,2
15640,4,14,7310.03,1
15641,105,4,1705.0,3
15643,192,3,465.5,3
15644,166,4,803.54,3
15645,19,1,483.01,0
15646,158,3,447.64000000000004,3
15648,204,2,483.1,2
15651,37,3,403.38,3
15652,91,1,287.94,2
15653,116,1,48.0,2
15654,9,2,272.01,0
15655,243,1,560.6700000000001,2
15656,45,4,748.5,3
15657,23,1,30.0,0
15658,190,5,856.8000000000001,3
15659,44,1,256.95,0
15660,25,9,1379.06,1
15661,317,1,19.8,2
15663,106,1,138.14,2
15664,51,1,305.31,0
15665,168,2,2110.01,3
15667,40,1,136.56,0
15669,40,4,472.90000000000003,3
15670,297,1,173.05,2
15671,19,7,1166.07,1
15673,88,4,2172.87,3
15674,73,4,1901.0900000000001,3
15675,81,3,323.69,3
15676,19,3,3032.91,3
15677,49,1,573.08,0
15678,53,1,165.5,2
15679,24,4,781.28,3
15680,9,3,1226.28,3
15681,25,5,894.46,3
15683,117,1,152.95,2
15687,9,9,2862.9,1
15689,120,2,133.5,2
15690,4,2,192.96,0
15692,28,1,191.04,0
15694,8,10,526.6,1
15695,267,2,409.98,2
15696,33,8,2611.56,1
15699,18,1,309.65,0
15700,172,2,655.88,3
15701,2,4,1529.0,1
15703,265,1,104.4,2
15704,140,4,1448.78,3
15705,201,1,83.1,2
15706,65,3,902.16,3
15707,35,4,871.98,3
15708,41,7,2966.9500000000003,1
15709,284,1,133.25,2
15712,9,4,871.0,0
15713,143,2,303.6,2
15714,12,2,288.43,0
15716,146,4,849.59,3
15717,234,1,150.3,2
15719,33,13,4991.07,1
15720,24,1,536.33,0
15721,12,1,400.6,0
15722,36,4,900.3100000000001,3
15723,365,1,190.70000000000002,2
15724,201,2,218.25,2
15725,15,1,415.25,0
15727,17,7,4043.96,1
15729,213,1,85.0,2
15730,66,3,1120.88,3
15732,212,2,216.12,2
15733,283,1,162.3,2
15734,115,2,357.6,2
15737,15,8,1146.52,1
15738,19,16,2514.43,1
15739,66,1,77.6,2
15740,49,1,154.88,2
15743,16,4,775.96,3
15744,78,1,34.8,2
15745,19,4,995.59,3
15746,134,1,196.88,2
15747,13,3,737.84,0
15748,40,1,144.36,0
15750,3,8,2422.25,1
15752,40,7,2576.2,1
15754,51,3,458.57,3
15755,10,6,2364.25,1
15756,61,4,528.01,3
15757,66,2,714.42,3
15758,25,1,205.25,0
15759,297,2,77.24000000000001,2
15762,65,2,583.75,3
15763,32,2,1007.02,3
15764,88,6,2870.58,3
15766,64,1,131.46,2
15768,116,3,371.83,3
15773,6,1,147.52,0
15774,69,1,270.8,2
15775,245,1,104.9,2
15776,133,1,241.62,2
15777,241,2,227.36,2
15780,184,3,475.28000000000003,3
15781,25,3,345.46000000000004,0
15782,10,3,543.4200000000001,0
15783,11,1,246.3,0
15785,33,5,931.87,3
15786,46,3,4442.6,3
15787,26,3,933.26,3
15789,358,1,351.3,2
15790,10,1,218.75,0
15791,44,2,1308.04,3
15793,15,1,16.65,0
15795,150,1,610.01,2
15796,1,8,2294.1600000000003,1
15797,319,1,15.0,2
15799,76,3,793.54,3
15800,107,2,696.89,3
15801,46,3,1024.3500000000001,3
15803,51,1,75.9,2
15804,1,13,3956.39,1
15805,23,16,4745.9800000000005,1
15806,46,3,412.98,3
15807,50,3,735.4,3
15808,306,4,2342.77,3
15809,36,5,515.77,3
15810,79,4,1391.98,3
15811,22,6,2170.92,1
15812,107,3,346.58,3
15813,208,2,482.51,2
15814,17,4,995.9300000000001,3
15815,64,4,416.82,3
15819,49,4,1854.45,3
15820,320,1,116.98,2
15821,44,2,570.96,3
15822,3,2,521.52,0
15823,372,1,15.0,2
15825,172,1,185.34,2
15826,56,3,1185.35,3
15827,73,14,1836.09,1
15829,99,2,636.14,3
15830,38,1,576.0,0
15831,58,3,534.09,3
15832,254,1,836.79,2
15834,70,3,1833.35,3
15835,44,4,818.59,3
15836,50,1,137.37,2
15837,65,1,391.98,2
15838,25,6,384.12,3
15839,33,3,1003.94,3
15840,59,2,355.56,0
15841,73,4,622.36,3
15843,304,1,118.95,2
15844,46,1,130.73999999999998,2
15845,18,8,2365.35,1
15847,38,2,328.79,0
15850,19,2,234.88,0
15852,197,1,103.21000000000001,2
15853,52,1,110.8,2
15854,4,11,1057.82,1
15855,137,5,672.64,3
15856,4,26,5704.52,1
15857,19,1,174.6,0
15858,16,5,1224.65,3
15860,41,8,965.16,3
15861,12,7,2941.12,1
15862,8,4,792.32,0
15863,26,2,68.84,0
15864,67,3,91.4,2
15865,41,3,612.13,3
15866,101,1,211.89,2
15867,5,15,3706.94,1
15869,277,2,149.64,2
15870,33,1,351.44,0
15872,15,2,316.25,0
15874,64,7,1053.25,3
15877,2,2,448.33,0
15880,369,1,329.03,2
15881,312,4,161.34,2
15882,199,3,213.0,2
15883,2,2,396.48,0
15885,93,3,328.35,3
15886,60,1,123.09,2
15888,81,1,91.81,2
15889,157,2,420.07,2
15891,227,1,511.68,2
15894,253,2,184.0,2
15895,150,1,42.01,2
15897,194,2,98.09,2
15898,1,5,719.56,1
15899,369,1,56.25,2
15900,24,1,337.28000000000003,0
15901,17,3,351.73,0
15903,26,4,507.96000000000004,3
15904,8,1,164.68,0
15906,20,7,1389.49,1
15907,4,3,882.72,0
15909,174,1,69.54,2
15910,1,8,1228.88,1
15912,178,2,264.62,2
15916,16,7,1370.4,1
15917,248,1,123.1,2
15918,191,2,334.23,2
15919,20,2,525.69,0
15920,154,4,167.5,2
15921,173,1,192.41,2
15922,373,1,208.4,2
15923,373,1,127.08,2
15925,194,1,207.15,2
15930,67,1,426.63,2
15932,4,8,1474.19,1
15933,21,3,1062.46,3
15935,239,1,108.03999999999999,2
15937,64,1,145.35000000000002,2
15938,112,5,254.58,3
15939,90,13,553.28,3
15940,311,1,35.8,2
15942,134,1,252.84,2
15944,277,1,68.9,2
15945,365,1,13.6,2
15947,83,1,485.04,2
15948,8,2,955.24,0
15949,17,2,364.72,0
15950,32,4,1380.46,3
15951,9,2,708.22,0
15952,34,4,781.91,3
15953,15,8,989.12,1
15955,24,14,2976.21,1
15957,32,1,378.49,0
15958,74,1,60.9,2
15963,20,2,431.16,0
15965,17,4,749.87,3
15967,23,2,397.68,0
15969,3,3,423.5,0
15970,304,1,114.9,2
15971,67,6,148.25,3
15973,367,1,34.4,2
15974,39,7,2795.59,1
15975,84,1,371.01,2
15976,165,2,427.64,2
15977,17,2,770.33,0
15978,77,1,807.94,3
15980,89,2,375.24,2
15981,25,7,1289.28,1
15983,22,4,1051.24,3
15984,3,9,1806.6100000000001,1
15985,123,2,645.38,3
15986,30,1,168.12,0
15987,12,6,597.63,1
15988,19,1,156.78,0
15990,44,2,651.91,3
15992,4,1,41.989999999999995,0
15993,9,7,2777.67,1
15994,55,1,271.75,2
15996,88,6,1032.58,3
15998,37,5,3032.52,3
16003,30,5,1456.17,3
16005,12,4,578.71,0
16006,211,1,101.4,2
16007,48,4,1693.81,3
16008,24,3,478.78,0
16009,32,3,790.5500000000001,3
16010,246,3,392.4,2
16011,8,16,2914.56,1
16012,35,3,789.74,3
16013,8,6,904.1,1
16014,38,3,646.83,3
16015,4,3,619.23,0
16016,3,8,1465.51,1
16017,47,1,211.88,2
16018,39,2,313.98,0
16019,47,9,2213.94,1
16020,17,3,749.01,3
16022,260,1,560.13,2
16023,46,3,719.81,3
16024,12,1,251.03,0
16025,30,1,439.65999999999997,0
16026,43,1,236.09,0
16027,137,3,138.9,2
16029,81,6,244.8,3
16030,310,1,331.24,2
16031,92,2,507.95,3
16033,6,20,8207.16,1
16034,196,3,366.3,2
16036,87,2,645.88,3
16037,270,3,669.32,3
16038,8,3,471.78,0
16040,65,3,1137.29,3
16042,22,5,1177.47,3
16043,38,4,648.59,3
16045,120,4,1256.7,3
16048,373,2,54.839999999999996,2
16049,40,3,1074.81,3
16050,174,1,137.9,2
16052,54,1,321.5,2
16053,33,2,1252.75,3
16054,145,1,783.9,2
16055,221,1,134.8,2
16056,45,1,609.95,0
16057,16,7,2223.52,1
16059,66,6,1453.16,3
16062,10,4,693.72,0
16063,260,1,335.32,2
16065,365,1,326.34,2
16066,17,5,934.36,3
16070,22,2,419.79,0
16071,45,1,326.24,0
16072,288,1,326.96999999999997,2
16076,3,9,1627.29,1
16079,17,3,159.14,0
16080,82,2,135.0,2
16081,56,5,2530.26,3
16083,101,2,353.18,2
16084,299,1,390.28,2
16085,23,5,981.51,3
16086,59,5,638.03,3
16091,155,2,315.06,2
16092,115,3,817.86,3
16093,107,1,17.0,2
16094,12,4,942.43,3
16096,264,1,116.82000000000001,2
16097,240,1,185.04999999999998,2
16098,88,7,778.19,3
16099,50,3,607.1,3
16101,71,1,1290.7,3
16102,42,3,896.54,3
16103,7,6,754.14,1
16104,62,1,247.36,2
16105,249,1,165.6,2
16106,66,1,108.38,2
16107,29,4,195.3,0
16108,85,1,842.5,3
16109,219,1,236.4,2
16110,45,3,1320.95,3
16112,143,4,143.9,2
16113,183,1,161.38,2
16114,171,1,135.75000000000003,2
16115,10,8,1660.8799999999999,1
16116,212,1,533.1800000000001,2
16117,190,1,232.21,2
16119,8,2,317.16,0
16120,59,2,314.56,0
16121,57,2,854.66,3
16122,73,4,559.62,3
16123,52,1,268.18,2
16124,317,1,249.0,2
16125,367,1,244.35000000000002,2
16126,29,4,1013.35,3
16127,39,1,609.45,0
16128,18,5,1508.22,1
16131,52,5,734.86,3
16133,4,30,3508.19,1
16134,22,2,618.09,0
16135,263,1,342.35,2
16136,60,3,620.08,3
16139,19,3,546.3100000000001,0
16140,66,2,501.74,3
16141,88,1,578.8000000000001,2
16142,250,1,494.54,2
16143,3,6,1946.52,1
16145,9,11,3357.9900000000002,1
16146,204,2,446.73,2
16147,134,1,375.0,2
16149,5,2,280.52,0
16150,43,5,1934.02,3
16152,269,1,250.7,2
16153,50,5,1572.59,3
16156,9,9,2215.9900000000002,1
16157,16,3,310.55,0
16159,282,1,303.2,2
16160,65,2,162.72,2
16161,2,19,5238.22,1
16162,252,1,37.4,2
16163,365,1,50.1,2
16164,17,3,528.6,0
16168,11,20,1528.3700000000001,1
16169,8,4,1404.99,1
16170,51,6,1757.5,3
16171,59,1,73.19999999999999,2
16172,95,5,981.81,3
16173,16,6,1334.17,1
16174,126,2,337.15,2
16175,94,4,1037.5900000000001,3
16177,50,1,250.54999999999998,2
16178,138,1,150.1,2
16179,61,1,174.13,2
16180,100,8,1967.68,3
16181,73,1,163.94,2
16182,72,1,102.65,2
16183,67,1,255.31,2
16184,64,6,791.46,3
16185,17,2,529.41,0
16186,23,12,3498.04,1
16187,32,15,4415.1,1
16188,45,4,942.26,3
16189,16,2,155.48,0
16190,40,1,125.23,0
16191,3,11,1443.5,1
16193,237,1,314.45,2
16198,75,1,319.281,2
16200,4,2,1068.8700000000001,0
16201,3,4,1809.39,1
16202,361,1,301.67,2
16203,59,4,592.9,3
16204,23,1,384.18,0
16205,31,4,577.63,3
16206,55,4,466.26,3
16207,25,1,252.58,0
16208,45,2,624.46,3
16209,89,5,684.38,3
16210,2,16,1613.24,1
16211,89,1,332.22,2
16212,19,2,690.34,0
16213,79,1,82.5,2
16214,171,3,822.1500000000001,3
16215,81,1,242.35,2
16216,267,1,560.63,2
16217,235,2,238.85000000000002,2
16218,30,5,1082.18,3
16221,37,3,809.86,3
16222,318,1,773.55,2
16224,57,4,1254.5,3
16225,45,5,1007.22,3
16226,203,3,124.32000000000001,2
16227,225,1,64.02000000000001,2
16229,87,2,672.1,3
16230,190,2,542.03,2
16232,44,4,503.83,3
16233,71,2,389.28000000000003,3
16235,41,5,784.41,3
16236,78,1,382.40000000000003,2
16239,57,2,284.0,0
16240,24,2,2011.34,3
16241,10,13,2590.31,1
16242,8,7,3243.16,1
16243,34,2,324.1,0
16244,212,2,1522.75,3
16245,24,3,1413.66,3
16247,170,1,114.56,2
16248,62,1,152.94,2
16249,53,5,951.2900000000001,3
16250,261,2,389.44,2
16253,67,2,1601.92,3
16255,17,8,2498.95,1
16256,267,1,58.95,2
16257,177,1,46.95,2
16258,45,4,1789.8500000000001,3
16260,51,1,175.75,2
16261,17,4,728.54,3
16265,9,9,4256.5,1
16266,74,7,811.89,3
16268,71,2,577.7,3
16270,353,1,783.94,2
16271,3,5,1196.64,1
16272,117,1,411.7,2
16274,373,1,351.75,2
16275,197,1,519.07,2
16276,177,1,75.0,2
16278,100,1,346.38,2
16279,21,3,1457.78,3
16281,72,1,82.5,2
16282,340,1,168.3,2
16283,6,5,1525.81,1
16284,31,2,773.08,3
16287,170,1,142.5,2
16292,122,1,302.25,2
16293,22,10,2005.79,1
16295,10,4,1288.75,1
16297,269,1,301.9,2
16298,23,3,405.1,0
16302,127,1,182.22,2
16303,26,3,2838.02,3
16305,139,1,361.22,2
16306,214,6,538.37,3
16309,106,2,563.77,3
16311,18,2,616.26,0
16313,3,2,274.15000000000003,0
16315,331,1,226.37,2
16316,64,8,2140.41,3
16317,120,3,1096.93,3
16318,35,1,288.55,0
16320,172,2,993.46,3
16321,72,5,188.25,3
16322,1,2,326.75,0
16324,128,3,408.59000000000003,3
16325,47,3,302.34000000000003,3
16326,6,14,2848.12,1
16327,14,6,3322.32,1
16330,18,3,139.41,0
16332,28,7,1477.2,1
16337,37,1,151.05,0
16338,157,1,120.3,2
16339,284,1,94.05,2
16340,107,1,534.31,2
16341,25,4,1024.75,3
16342,75,4,240.01000000000002,3
16343,16,2,328.58,0
16344,158,1,35.7,2
16345,44,1,465.46,0
16347,11,2,738.4,0
16348,32,7,1365.65,3
16349,291,1,53.5,2
16350,21,4,1037.27,3
16351,333,1,153.9,2
16352,18,2,494.44,0
16353,18,10,1050.66,1
16354,63,2,395.8,3
16356,198,3,211.77,2
16357,33,3,619.28,3
16358,1,4,1554.46,1
16359,7,8,731.96,1
16360,5,6,3450.41,1
16361,10,4,891.21,3
16362,32,5,620.47,3
16363,53,1,109.36000000000001,2
16364,12,2,626.1899999999999,0
16365,18,8,332.01,3
16366,19,1,327.3,0
16367,37,2,800.67,3
16368,2,2,379.11,0
16369,18,3,1362.86,3
16370,82,4,1301.91,3
16372,33,2,355.73,0
16374,66,2,466.73,3
16376,9,2,822.86,0
16377,267,1,55.2,2
16378,247,3,309.85,2
16379,4,4,1794.2,1
16380,61,1,304.67,2
16383,75,2,602.96,3
16384,90,2,538.6,3
16385,60,3,472.76,3
16386,29,2,302.57,0
16387,323,1,53.8,2
16389,53,4,352.61,3
16392,270,1,217.89000000000001,2
16393,2,13,2772.81,1
16394,57,5,1059.56,3
16395,61,5,1359.66,3
16398,154,2,1341.15,3
16399,19,2,408.02,0
16400,95,1,303.93,2
16401,1,11,2380.82,1
16402,265,2,241.25,2
16403,312,1,177.5,2
16404,70,1,403.25,2
16405,310,1,6.85,2
16406,19,1,154.35,0
16407,13,10,1824.08,1
16409,36,5,1982.66,3
16411,19,2,211.7,0
16412,54,1,135.99,2
16413,57,1,262.2,2
16414,22,2,126.25,0
16415,44,1,200.27,0
16416,27,3,791.3,3
16418,45,3,631.12,3
16419,113,6,651.23,3
16422,17,37,2090.9900000000002,1
16423,25,1,285.28,0
16424,191,1,93.0,2
16425,302,1,302.7,2
16426,2,10,1680.4,1
16427,263,2,187.96,2
16429,106,1,4.95,2
16430,57,1,71.35,2
16431,213,3,578.28,3
16432,64,1,143.4,2
16433,28,1,120.66,0
16434,29,7,1387.6,1
16438,6,5,798.35,1
16440,8,5,2864.07,1
16441,67,2,381.2,3
16442,2,3,609.3,0
16444,46,4,613.37,3
16445,34,1,230.51,0
16446,206,1,2.9,2
16447,136,1,255.91,2
16448,198,1,182.99,2
16449,198,2,707.69,3
16450,150,1,160.0,2
16451,88,1,217.17000000000002,2
16454,45,2,6.9,2
16455,64,7,1841.18,3
16456,99,5,600.88,3
16457,218,1,161.56,2
16458,3,18,3030.34,1
16460,28,3,763.53,3
16461,178,1,142.92,2
16462,186,2,68.0,2
16463,21,4,1377.4,3
16464,20,3,1298.66,3
16466,34,7,1410.3600000000001,3
16468,74,1,12.5,2
16469,24,4,625.42,3
16470,52,4,752.77,3
16471,275,1,223.95000000000002,2
16473,165,3,275.55,2
16474,7,7,1666.89,1
16475,144,3,417.70000000000005,3
16477,64,7,2494.46,3
16478,25,3,291.4,0
16479,10,2,300.83,0
16480,76,1,571.77,2
16482,16,1,220.62,0
16483,192,1,139.35,2
16484,174,2,404.3,2
16485,77,1,363.65,2
16488,33,3,358.9,0
16491,47,1,624.3,0
16493,80,4,988.03,3
16494,297,1,704.61,2
16495,3,3,607.46,0
16496,9,3,1440.72,3
16497,50,6,2419.33,3
16498,161,2,100.97,2
16499,360,2,365.45,2
16500,5,5,235.86,0
16503,107,4,1431.93,3
16504,25,1,465.88,0
16506,20,2,90.30000000000001,0
16509,297,1,287.20000000000005,2
16510,372,1,248.1,2
16511,22,3,871.53,3
16513,19,1,509.34000000000003,0
16515,52,5,1214.08,3
16516,30,1,101.69999999999999,0
16517,277,1,162.70000000000002,2
16518,61,2,424.32,3
16519,25,2,164.08,0
16520,186,3,1006.77,3
16523,2,18,3718.12,1
16525,2,19,844.49,1
16526,172,1,218.96,2
16527,81,1,228.06,2
16528,4,1,244.41,0
16529,190,1,411.0,2
16531,22,7,1244.59,1
16533,19,3,1037.81,3
16535,5,1,416.75,0
16536,110,1,468.52,2
16539,3,4,633.11,0
16542,54,1,66.52000000000001,2
16545,165,1,25.200000000000003,2
16546,291,2,360.65,2
16549,10,10,3973.7,1
16550,109,5,2298.97,3
16551,96,3,455.18,3
16552,243,2,287.93,2
16553,205,4,682.9,3
16554,42,3,797.5,3
16555,35,2,285.89,0
16556,67,7,3093.59,3
16557,24,2,145.05,0
16558,1,20,7100.24,1
16560,27,2,762.21,3
16561,6,2,511.12,0
16563,54,1,243.5,2
16565,364,1,35.7,2
16566,15,5,213.78,0
16567,194,2,637.96,3
16569,3,1,31.5,0
16570,15,10,2145.16,1
16571,27,3,1340.09,3
16572,127,3,1009.6,3
16573,85,2,663.61,3
16574,71,1,451.44,2
16581,183,1,105.84,2
16582,113,1,50.099999999999994,2
16583,374,1,233.45,2
16584,80,2,410.18,3
16586,249,1,48.75,2
16587,232,1,225.15,2
16589,71,3,459.24,3
16591,69,1,107.30000000000001,2
16592,4,16,3515.84,1
16593,51,2,260.43,0
16594,75,1,181.09,2
16595,61,1,360.16,2
16596,16,2,170.75,0
16597,4,1,90.04,0
16598,286,1,145.05,2
16600,4,6,813.52,1
16601,41,1,242.7,0
16602,36,1,449.12,0
16603,75,2,482.47,3
16607,18,13,2325.46,1
16609,15,7,4706.13,1
16610,219,1,75.66,2
16611,186,1,129.49,2
16612,33,4,1136.66,3
16613,70,1,618.59,2
16614,183,1,438.69,2
16616,15,2,380.92,0
16617,236,1,38.75,2
16618,31,5,1681.15,3
16619,264,1,226.21,2
16620,4,2,178.96,0
16621,52,4,369.91,3
16623,246,1,64.05000000000001,2
16624,81,2,467.45,3
16625,275,1,333.08,2
16626,1,16,2675.58,1
16627,79,1,322.8,2
16628,30,5,1811.55,3
16629,74,2,408.63,3
16633,17,6,2592.25,1
16634,372,1,164.8,2
16637,32,4,1036.67,3
16638,23,10,1337.56,1
16639,31,3,855.9100000000001,3
16641,106,1,231.1,2
16642,5,2,553.73,0
16643,246,1,446.71,2
16644,178,2,833.78,3
16647,170,2,174.22,2
16648,43,1,290.66,0
16650,72,1,336.02,2
16652,59,6,1000.5500000000001,3
16653,16,2,1153.26,3
16654,141,4,519.97,3
16655,18,6,2601.02,1
16656,120,8,205.68,3
16657,10,4,833.63,3
16658,368,1,53.94,2
16659,189,1,39.12,2
16660,16,2,205.97,0
16665,362,1,83.2,2
16666,19,1,118.98,0
16667,68,2,567.1800000000001,3
16668,15,6,267.72,0
16669,24,3,1348.88,3
16670,17,11,4012.3,1
16672,2,9,509.1,1
16674,55,2,304.24,0
16676,34,4,1382.48,3
16678,3,11,2408.74,1
16679,366,1,27.75,2
16680,43,1,183.7,0
16681,73,6,612.94,3
16682,5,5,399.52,0
16684,241,3,153.6,2
16685,61,2,324.24,0
16686,47,7,2919.93,1
16688,1,4,1046.48,1
16689,76,2,209.96,2
16690,72,2,173.38,2
16692,289,1,8.5,2
16693,69,2,477.86,3
16696,214,2,88.50000000000001,2
16697,241,1,112.75,2
16700,9,13,4795.4,1
16701,9,11,1667.18,1
16705,1,17,3380.15,1
16706,37,3,531.35,3
16708,46,1,450.83000000000004,0
16709,85,5,1252.21,3
16710,19,10,2416.9900000000002,1
16711,3,3,201.84,0
16712,18,10,3312.21,1
16713,19,15,5258.76,1
16714,219,3,879.0600000000001,3
16715,78,1,140.92,2
16717,24,6,3298.1800000000003,1
16718,369,1,507.85,2
16719,15,7,1770.22,1
16720,26,1,152.95,0
16721,262,1,292.47,2
16722,17,13,3076.53,1
16723,108,1,371.56,2
16725,302,7,758.27,3
16726,26,5,1317.49,3
16727,364,1,256.32,2
16728,46,4,994.58,3
16729,38,21,6621.06,1
16730,52,3,743.11,3
16732,32,1,445.05,0
16734,52,3,556.96,3
16735,79,5,1826.51,3
16738,298,1,3.75,2
16739,177,1,226.45000000000002,2
16743,29,7,1996.53,1
16744,11,7,1201.36,1
16745,87,17,3747.4700000000003,1
16746,5,18,5729.77,1
16747,38,2,727.9,3
16748,18,5,1045.3,3
16750,45,5,521.48,3
16751,31,1,216.02,0
16752,373,1,127.55,2
16753,58,1,140.72,2
16755,114,3,1393.83,3
16756,215,1,239.4,2
16757,319,1,106.83000000000001,2
16758,65,1,260.44,2
16759,8,3,739.99,0
16761,97,1,209.82,2
16762,20,3,993.24,3
16763,199,1,342.75,2
16764,4,13,2790.9500000000003,1
16765,294,1,34.0,2
16766,273,2,633.8,2
16767,31,10,3201.2,1
16768,48,3,368.09000000000003,3
16769,260,1,361.54,2
16770,58,5,717.15,3
16771,33,5,2242.61,3
16773,57,1,171.59,2
16774,68,4,551.42,3
16775,10,11,1386.71,1
16776,60,1,326.54,2
16777,80,2,222.62,2
16778,74,2,245.94,2
16779,2,22,3981.79,1
16780,100,2,422.24,2
16781,372,1,311.25,2
16782,10,13,2071.55,1
16784,20,1,60.0,0
16788,123,2,594.39,3
16789,8,1,80.80000000000001,0
16790,4,6,1545.6200000000001,1
16791,29,7,1705.78,1
16792,282,2,110.38,2
16793,57,1,243.84,2
16794,1,10,1196.5,1
16795,365,1,414.88,2
16796,89,1,256.12,2
16800,11,1,1162.65,0
16801,163,4,1210.7,3
16803,65,1,332.3,2
16804,23,3,486.99,0
16805,174,2,460.59000000000003,2
16806,103,4,722.56,3
16807,143,3,1121.59,3
16808,99,2,227.22,2
16809,23,5,914.69,3
16810,192,1,250.14,2
16811,5,2,547.07,0
16812,361,1,204.15,2
16813,8,10,1591.7,1
16814,14,21,3975.09,1
16816,103,4,417.06,3
16817,3,9,1392.45,1
16818,11,11,3070.07,1
16820,96,1,497.61,2
16823,227,1,318.58,2
16824,16,2,415.64,0
16825,39,2,460.78,0
16826,51,1,341.7,0
16828,93,2,128.5,2
16829,157,1,197.22,2
16830,39,1,325.91,0
16832,203,2,136.65,2
16833,1,4,783.88,1
16834,228,1,413.46,2
16835,128,2,180.85,2
16836,40,2,175.55,0
16837,31,10,2530.98,1
16838,197,2,383.29,2
16839,9,27,2561.91,1
16841,37,6,1505.42,3
16842,101,3,1096.19,3
16843,43,16,5935.03,1
16846,50,1,214.32,2
16847,43,1,193.44,0
16848,53,1,234.62,2
16849,187,1,124.57,2
16850,334,1,332.41,2
16851,4,3,302.85,0
16852,10,2,104.96000000000001,0
16855,24,2,328.40000000000003,0
16856,15,1,35.400000000000006,0
16858,369,1,148.05,2
16859,145,2,697.86,3
16861,60,2,132.96,2
16863,31,2,452.8,0
16866,141,2,77.94,2
16869,23,4,776.32,3
16871,22,6,2159.7400000000002,1
16872,77,1,12.75,2
16873,5,6,5111.54,1
16875,67,5,1936.33,3
16877,12,6,846.62,1
16878,84,1,13.3,2
16880,31,7,1312.58,3
16882,67,3,546.12,3
16883,187,2,272.48,2
16884,38,2,429.84,0
16885,15,3,450.41,0
16887,35,1,192.32999999999998,0
16889,195,3,1488.07,3
16891,2,5,742.43,1
16892,1,5,518.19,1
16893,367,1,145.93,2
16895,65,1,202.27,2
16897,299,2,289.78,2
16898,26,3,501.03000000000003,3
16899,8,6,1058.51,1
16900,17,3,840.31,3
16902,116,1,598.89,2
16903,29,1,363.2,0
16904,4,16,3350.85,1
16905,5,7,2299.26,1
16906,82,4,457.83000000000004,3
16907,29,5,717.8,3
16909,72,1,301.38,2
16910,4,8,1508.96,1
16912,29,11,1682.18,1
16913,290,1,14.29,2
16914,36,1,133.76,0
16915,9,6,423.5,0
16916,24,2,562.41,0
16917,277,1,82.3,2
16918,50,6,1068.82,3
16919,156,11,2362.75,3
16921,61,1,154.18,2
16923,12,16,5899.9,1
16924,21,3,691.54,3
16926,371,1,230.25,2
16927,276,2,32.75,2
16928,80,17,2059.05,1
16929,4,7,1216.19,1
16930,26,3,327.89,0
16931,5,21,4554.87,1
16932,53,1,150.23000000000002,2
16933,1,2,409.96,0
16934,55,2,931.03,3
16936,26,1,261.9,0
16938,9,4,1878.43,1
16940,52,3,2921.18,3
16942,13,9,1816.73,1
16943,212,3,612.63,3
16945,22,19,3991.0,1
16947,236,1,406.48,2
16948,139,3,244.52,2
16949,4,6,699.27,1
16950,57,2,448.06,3
16951,135,3,1190.1,3
16952,109,2,167.61,2
16953,30,1,20.8,2
16954,1,7,929.28,1
16955,185,4,427.02,3
16956,18,1,248.94,0
16957,239,2,214.24,2
16959,87,1,117.35000000000001,2
16960,39,3,507.05,3
16961,116,1,234.17000000000002,2
16963,187,1,110.55000000000001,2
16965,227,1,201.19,2
16966,45,4,118.69,0
16967,189,1,319.02,2
16968,4,2,439.43,0
16969,39,3,602.71,3
16971,38,1,232.21,0
16978,78,1,344.33,2
16979,4,6,1188.7,1
16980,255,2,723.86,3
16982,61,1,384.06,2
16983,13,7,1371.1200000000001,1
16984,88,2,3627.18,3
16985,17,9,1261.68,1
16986,30,1,20.8,2
16987,3,7,1222.44,1
16988,5,1,126.12,0
16989,79,2,70.95,2
16992,11,5,1574.71,1
16996,30,6,717.58,3
16997,309,1,78.0,2
16998,150,2,15.4,2
16999,23,2,305.82,0
17001,1,11,2625.17,1
17002,86,3,886.53,3
17004,46,2,315.14,0
17006,5,4,577.83,0
17007,51,6,774.08,3
17010,18,1,155.76,0
17011,30,1,270.9,0
17014,8,3,473.43,0
17015,29,3,1838.61,3
17017,3,18,3414.12,1
17018,41,1,90.9,2
17019,11,4,1174.08,3
17022,31,1,71.0,0
17024,99,2,56.25,2
17025,61,3,99.65,2
17026,370,1,33.15,2
17027,79,6,838.08,3
17030,64,1,146.87,2
17031,12,2,317.95,0
17033,86,3,379.14,3
17034,16,3,378.11,0
17035,246,2,393.93,2
17037,88,1,1267.32,3
17038,30,1,112.4,0
17040,138,1,172.53,2
17041,27,3,1071.49,3
17042,3,5,916.8199999999999,1
17043,32,4,1346.18,3
17045,113,2,248.49,2
17046,157,1,311.42,2
17047,85,3,1100.9,3
17048,118,3,783.4,3
17049,3,9,4867.71,1
17050,96,6,2841.84,3
17051,194,1,240.89,2
17052,28,1,354.09,0
17053,131,1,179.4,2
17054,28,5,1210.18,3
17058,82,3,1016.4300000000001,3
17059,30,5,2989.67,3
17060,266,1,81.60000000000001,2
17061,74,8,1145.51,3
17062,314,4,533.33,3
17063,21,7,1332.94,1
17064,59,3,739.15,3
17068,12,21,4233.59,1
17069,28,9,2366.55,1
17070,114,1,304.24,2
17071,28,9,2070.33,1
17073,18,4,1446.09,3
17075,18,4,735.62,3
17076,36,3,350.76,0
17078,36,2,194.6,0
17080,22,1,105.69999999999999,0
17081,25,2,288.91,0
17082,33,2,1062.65,3
17083,109,3,693.52,3
17084,35,2,2379.35,3
17085,123,5,1512.4,3
17086,7,6,1479.08,1
17088,28,4,1951.21,3
17090,4,5,666.23,1
17091,3,9,3567.96,1
17092,50,4,1674.23,3
17094,322,1,135.5,2
17095,23,3,936.11,3
17096,15,4,793.28,3
17097,2,8,914.62,1
17100,18,2,971.74,0
17101,52,2,372.73,0
17102,262,1,25.5,2
17105,159,2,665.78,3
17107,33,5,3286.0,3
17109,29,6,759.61,3
17110,165,1,163.29999999999998,2
17111,47,1,231.61,0
17114,6,8,801.12,1
17115,8,3,700.1,0
17117,288,1,116.2,2
17118,318,1,157.02,2
17119,3,2,606.91,0
17120,233,1,307.46,2
17122,119,1,138.32,2
17123,162,1,171.0,2
17124,185,1,294.24,2
17125,50,1,230.5,2
17126,152,5,989.45,3
17128,335,1,157.09,2
17131,5,5,1791.8700000000001,1
17133,16,3,32.400000000000006,0
17134,107,2,413.2,2
17135,16,5,808.81,3
17138,276,1,380.5,2
17139,16,12,7458.57,1
17140,247,1,172.12,2
17142,239,1,259.8,2
17144,1,2,730.17,0
17146,106,3,579.78,3
17147,23,4,1212.64,3
17148,52,1,124.88,2
17152,195,2,130.2,2
17153,24,1,213.78,0
17154,75,1,329.34,2
17155,18,2,112.5,0
17157,8,2,192.64,0
17158,32,3,1136.41,3
17159,22,3,1497.28,3
17160,31,6,3518.03,1
17162,29,10,1715.46,1
17163,78,1,63.7,2
17164,33,7,2467.35,1
17165,284,1,158.68,2
17166,39,2,150.09,0
17169,58,2,835.78,3
17171,289,1,185.31,2
17172,79,1,224.16,2
17173,5,6,975.72,1
17174,218,1,59.9,2
17175,44,4,1041.54,3
17176,202,1,224.53,2
17179,178,3,587.99,3
17180,56,4,783.97,3
17181,57,1,84.39999999999999,2
17183,8,6,914.04,1
17187,227,1,154.15,2
17188,11,7,1276.39,1
17189,106,2,383.75,2
17190,59,1,152.39000000000001,2
17191,28,7,1989.13,1
17193,36,5,262.06,3
17194,274,2,135.87,2
17197,30,1,385.36,0
17198,24,3,599.62,3
17201,54,1,186.57999999999998,2
17203,36,6,897.75,3
17204,175,4,1017.6,3
17205,54,1,251.6,2
17206,53,1,159.24,2
17211,27,8,2267.2200000000003,1
17212,253,1,3.95,2
17213,40,7,2741.28,1
17214,60,6,974.12,3
17217,234,1,48.050000000000004,2
17218,4,10,1909.47,1
17219,32,1,114.23,0
17220,24,14,3187.55,1
17221,7,2,258.16,0
17222,65,1,273.0,2
17223,310,2,340.39,2
17226,309,1,169.69,2
17227,19,6,319.72,3
17228,16,8,1856.17,1
17229,96,2,318.76,2
17230,264,7,722.65,3
17231,12,10,3124.72,1
17232,3,2,417.77,0
17233,35,1,190.88,0
17234,183,1,149.89,2
17235,25,2,264.40000000000003,0
17236,13,6,786.9300000000001,1
17237,11,2,185.09,0
17238,3,17,3677.85,1
17239,313,1,224.4,2
17242,108,2,466.24,3
17243,1,25,5391.15,1
17244,53,1,333.33,0
17245,205,1,171.45000000000002,2
17247,15,1,280.09000000000003,0
17248,120,1,233.3,2
17250,4,2,336.97,0
17251,363,1,269.83,2
17252,117,2,348.90999999999997,2
17253,18,1,178.26,0
17254,5,2,271.19,0
17255,41,2,291.48,0
17256,107,2,99.6,2
17259,148,2,581.23,3
17262,227,1,20.4,2
17263,208,1,63.440000000000005,2
17265,139,2,550.01,3
17266,2,3,296.58,0
17267,127,2,249.7,2
17268,150,1,35.0,2
17272,46,3,1360.83,3
17274,35,1,107.82,0
17277,228,2,936.45,3
17278,241,1,206.09,2
17279,58,1,60.33,2
17282,174,2,411.8,2
17284,60,6,1598.73,3
17286,22,1,151.37,0
17287,26,7,989.06,3
17288,9,6,1111.75,1
17289,32,3,658.82,3
17290,4,2,513.01,0
17293,8,8,1325.15,1
17295,29,3,547.0,3
17297,17,1,128.18,0
17298,101,2,292.18,2
17299,12,4,589.01,0
17301,21,1,163.24,0
17302,15,5,910.13,3
17303,361,1,250.04,2
17306,11,4,112.32,0
17309,95,1,82.75,2
17311,78,2,754.6,3
17312,155,2,104.30000000000001,2
17313,31,1,139.92,0
17314,25,8,2037.93,1
17315,2,38,4029.17,1
17317,46,1,38.16,2
17320,100,3,1086.42,3
17321,68,1,615.91,2
17323,15,7,906.52,1
17324,18,4,392.34,0
17325,280,1,96.8,2
17329,14,2,340.95,0
17333,86,1,454.65000000000003,2
17334,302,2,157.62,2
17337,151,4,1981.06,3
17338,17,8,6364.07,1
17339,94,2,119.16,2
17340,30,10,5722.57,1
17341,157,3,631.29,3
17343,355,1,193.64,2
17344,46,1,157.62,2
17345,15,4,478.89,0
17346,4,15,2454.12,1
17348,15,5,1117.0,3
17349,179,1,55.75,2
17350,8,4,959.28,1
17351,36,3,305.15,0
17354,51,1,70.94,2
17356,312,1,178.22,2
17357,24,2,239.57,0
17358,303,2,360.81,2
17359,11,1,127.86,0
17360,17,3,568.24,0
17361,49,2,398.2,0
17362,239,2,312.23,2
17364,1,11,3888.83,1
17365,13,8,4407.2,1
17367,238,1,167.55,2
17368,23,7,785.77,3
17370,73,4,446.18,3
17371,17,3,370.7,0
17372,41,8,1337.18,3
17373,40,4,607.92,3
17374,219,2,495.77,2
17375,199,3,400.1,3
17376,71,2,203.2,2
17377,24,20,3294.02,1
17379,11,1,389.71999999999997,0
17381,278,2,88.56,2
17382,65,1,15.0,2
17383,4,1,193.39000000000001,0
17384,19,2,122.2,0
17385,15,1,256.11,0
17386,8,3,162.8,0
17387,20,2,696.81,0
17388,78,2,151.18,2
17389,3,23,1156.4,1
17392,307,2,417.27,2
17394,219,1,48.349999999999994,2
17396,149,2,55.5,2
17397,22,2,584.21,0
17398,115,3,565.78,3
17400,126,5,1938.8400000000001,3
17402,5,10,420.35,1
17403,36,1,263.92,0
17404,26,7,496.14,3
17405,1,3,978.3100000000001,1
17406,333,2,1163.6200000000001,3
17408,163,1,32.65,2
17409,185,2,127.45000000000002,2
17410,16,5,1005.62,3
17411,12,3,636.94,0
17412,3,7,1164.46,1
17414,185,1,28.0,2
17415,80,1,168.29,2
17416,30,6,4322.82,1
17418,42,2,463.46000000000004,0
17419,11,12,3526.67,1
17420,50,3,559.23,3
17422,16,6,1704.66,1
17423,46,2,425.29,0
17425,61,1,688.97,3
17426,8,6,4424.58,1
17427,72,1,30.0,2
17428,38,21,3372.88,1
17429,128,3,524.9200000000001,3
17430,33,2,226.76000000000002,0
17431,313,1,403.3,2
17432,18,2,365.76,0
17433,88,1,303.16,2
17434,2,7,1900.82,1
17436,2,2,170.4,0
17438,254,1,388.45000000000005,2
17440,157,3,84.42,2
17442,37,6,2158.96,3
17444,152,2,2016.6200000000001,3
17446,177,2,120.89999999999999,2
17447,40,2,500.96999999999997,0
17449,2,7,2519.21,1
17450,11,9,1269.36,1
17451,1,7,1676.4,1
17453,18,2,184.32,0
17454,192,4,477.73,3
17455,204,1,131.7,2
17456,365,1,249.86,2
17457,127,2,102.61,2
17458,15,1,316.5,0
17459,43,2,657.3,3
17460,94,5,572.0300000000001,3
17461,23,3,735.82,3
17462,60,2,387.33,3
17463,16,5,1875.8600000000001,1
17464,158,1,105.4,2
17466,10,2,763.28,0
17468,10,2,137.0,0
17469,16,5,1657.91,1
17470,45,5,1077.37,3
17472,191,3,697.54,3
17475,79,1,194.37,2
17480,78,1,472.22,2
17481,4,4,1208.79,1
17483,65,3,334.84000000000003,3
17486,261,1,396.87,2
17489,59,2,376.64,3
17490,1,7,1040.69,1
17491,1,10,1843.38,1
17492,248,1,178.25,2
17495,8,2,497.56,0
17496,359,1,271.05,2
17498,76,1,272.21999999999997,2
17499,290,1,501.48,2
17500,30,1,33.0,2
17501,221,2,288.6,2
17502,9,4,648.5400000000001,0
17503,3,2,462.90000000000003,0
17504,206,8,1880.8,3
17505,162,2,987.84,3
17506,76,1,302.2,2
17507,262,2,605.58,2
17508,281,1,343.06,2
17509,58,8,6083.64,1
17510,25,1,308.48,0
17511,3,28,5683.31,1
17512,51,8,1438.6100000000001,3
17513,72,1,30.0,2
17514,128,1,208.65,2
17515,31,4,639.02,3
17516,15,5,764.88,3
17517,309,1,153.94,2
17519,17,6,1273.9,1
17520,54,1,546.81,0
17521,30,3,683.61,3
17522,2,5,862.51,1
17523,11,2,314.28,0
17524,361,1,145.0,2
17525,360,1,149.7,2
17526,5,3,205.9,0
17527,54,4,715.66,3
17528,1,8,3160.65,1
17530,1,10,2327.32,1
17531,190,1,257.1,2
17534,54,1,183.76,2
17535,280,1,164.4,2
17536,177,1,76.5,2
17537,30,2,807.27,3
17538,26,1,98.42,0
17540,25,2,460.1,0
17542,270,1,170.75,2
17545,43,3,540.32,3
17548,234,1,103.3,2
17549,24,2,101.16,0
17550,197,3,207.36,2
17551,359,1,290.34,2
17552,60,4,885.41,3
17554,1,5,1176.23,1
17555,20,2,480.31,0
17556,206,1,82.9,2
17557,14,3,482.06,0
17560,155,3,336.25,2
17561,19,1,165.12,0
17562,14,7,1072.58,1
17564,24,3,454.01,0
17566,8,2,830.1700000000001,0
17567,7,8,2436.46,1
17569,332,1,303.58,2
17571,50,4,1380.67,3
17572,71,4,226.75000000000003,3
17573,29,3,380.6,0
17574,243,1,185.65,2
17576,8,19,3294.33,1
17578,218,1,96.66,2
17579,5,3,448.90000000000003,0
17580,312,2,168.02,2
17581,1,23,6406.33,1
17582,236,1,115.27,2
17584,7,2,493.1,0
17585,109,4,993.88,3
17588,100,2,266.34,2
17589,60,4,2070.92,3
17590,2,3,1377.27,1
17591,73,7,1473.63,3
17593,4,5,2987.32,1
17594,85,2,953.58,3
17595,12,2,386.69,0
17596,23,7,2032.01,1
17597,214,1,666.36,2
17600,18,1,161.67000000000002,0
17601,239,1,116.00999999999999,2
17602,2,6,4159.38,1
17603,78,1,144.72,2
17604,217,2,309.36,2
17608,33,2,191.99,0
17609,41,5,1105.78,3
17611,7,15,3874.32,1
17612,53,6,1869.45,3
17613,23,14,3940.05,1
17614,57,1,386.32,2
17615,130,3,189.8,2
17618,6,3,766.63,0
17619,312,1,214.37,2
17620,60,1,81.44,2
17621,21,3,338.5,0
17623,33,1,479.35,0
17624,15,2,843.48,0
17625,18,4,1961.4,3
17628,81,1,75.75,2
17629,6,8,1383.52,1
17630,170,2,463.65,2
17631,2,3,528.33,0
17633,31,4,1146.88,3
17634,36,9,2052.4900000000002,1
17636,19,1,285.56,0
17637,31,2,547.0600000000001,0
17639,276,1,108.5,2
17642,120,2,586.09,3
17643,373,1,101.55,2
17644,1,11,2356.53,1
17646,219,3,850.59,3
17647,65,1,133.06,2
17648,61,4,1608.48,3
17649,138,1,868.49,2
17650,21,1,166.07999999999998,0
17651,12,9,3657.6,1
17652,25,12,4416.53,1
17653,38,3,668.12,3
17654,277,1,117.55,2
17655,11,7,1456.5900000000001,1
17656,73,5,1319.09,3
17658,26,2,240.62,0
17659,17,12,2721.85,1
17660,141,1,128.95,2
17663,26,7,1555.26,1
17664,19,2,563.84,0
17666,4,2,272.76,0
17667,66,5,1964.91,3
17668,1,2,302.9,0
17669,43,7,864.4200000000001,3
17670,228,1,205.7,2
17671,16,4,905.39,3
17672,50,2,1707.97,3
17673,2,6,1344.92,1
17674,74,2,193.92,2
17675,1,30,11408.76,1
17676,4,6,1230.78,1
17677,2,24,3443.32,1
17678,264,1,298.11,2
17679,86,1,92.7,2
17680,24,1,184.4,0
17682,10,6,2316.53,1
17684,44,1,239.41,0
17685,17,7,1765.0700000000002,1
17686,7,7,4868.86,1
17690,30,15,3577.05,1
17691,358,2,290.40000000000003,2
17692,127,4,611.34,3
17693,137,1,200.47,2
17694,142,1,283.12,2
17695,132,2,520.94,3
17696,38,8,1631.21,1
17697,236,1,299.35,2
17698,261,1,154.95,2
17700,17,4,2250.2400000000002,3
17701,253,1,417.95,2
17702,30,4,1025.17,3
17703,35,3,798.74,3
17704,169,2,473.29,2
17705,3,9,1595.92,1
17706,4,17,5914.8,1
17707,185,2,50.400000000000006,2
17708,188,2,263.33,2
17709,170,1,87.5,2
17711,11,2,385.1,0
17712,45,1,443.01,0
17714,321,1,153.0,2
17716,29,10,4155.1900000000005,1
17718,232,1,139.35,2
17719,38,15,4387.56,1
17720,26,3,756.31,3
17722,96,4,1792.84,3
17723,214,1,64.9,2
17724,71,3,844.7,3
17725,16,11,3043.5,1
17727,15,1,1060.25,0
17728,4,3,2876.01,1
17730,3,13,3166.1,1
17731,79,4,1160.91,3
17732,373,1,303.97,2
17733,39,2,590.3100000000001,3
17734,54,3,661.03,3
17735,2,19,11727.75,1
17736,9,2,337.49,0
17737,9,2,168.24,0
17738,19,4,1474.95,3
17739,38,6,419.45000000000005,3
17742,113,2,284.31,2
17744,4,6,1912.0,1
17746,240,1,110.25,2
17749,178,2,595.32,3
17750,5,9,1670.1299999999999,1
17754,1,5,807.25,1
17757,1,30,4846.64,1
17758,19,8,3408.2,1
17759,17,3,819.96,3
17760,22,2,287.59,0
17761,33,1,298.98,0
17763,263,1,15.0,2
17764,51,2,682.55,3
17765,159,3,367.63,3
17767,15,1,271.2,0
17768,8,3,1064.9,0
17769,13,10,3305.9,1
17770,199,4,491.67,3
17771,57,2,245.81,0
17772,11,2,173.45,0
17774,97,4,1213.73,3
17775,255,1,56.4,2
17777,25,3,647.56,3
17779,21,3,561.22,0
17781,159,2,59.27,2
17783,72,2,283.47,2
17785,53,1,131.94,2
17786,85,2,266.85,2
17787,153,4,1590.24,3
17788,130,1,16.7,2
17789,281,1,225.9,2
17790,27,14,1906.3,1
17791,30,1,106.1,0
17793,25,1,300.34,0
17795,180,2,342.83,2
17796,40,4,650.4,3
17797,22,3,740.63,3
17799,22,10,2948.52,1
17800,37,9,1067.21,1
17802,82,3,1071.94,3
17805,74,1,51.81,2
17806,11,1,496.04,0
17809,16,5,186.81,0
17811,4,39,5244.47,1
17812,13,4,699.81,3
17813,14,5,1658.27,1
17816,37,4,36.56,0
17817,4,2,147.82999999999998,0
17819,183,6,200.31,3
17824,51,1,256.64,2
17827,5,5,1774.53,1
17828,23,4,1060.04,3
17829,299,1,654.64,2
17830,2,3,398.7,0
17831,33,1,35.400000000000006,2
17832,50,1,155.37,2
17835,3,3,342.24,0
17836,47,1,110.21000000000001,2
17837,42,8,1393.93,3
17838,27,5,2041.94,3
17839,42,1,318.15,0
17841,2,124,35231.15,1
17843,303,1,205.48,2
17844,107,1,51.559999999999995,2
17848,142,7,376.25,3
17849,218,4,217.4,2
17850,372,34,4569.74,1
17852,12,2,114.34,0
17854,185,2,120.01,2
17855,373,1,208.97,2
17856,2,3,63.35,0
17857,221,4,88.3,2
17858,6,9,2624.16,1
17859,305,1,102.32,2
17860,369,1,226.45000000000002,2
17861,3,8,1840.12,1
17862,324,1,150.9,2
17863,59,6,2367.88,3
17864,13,3,554.85,0
17865,31,19,6035.400000000001,1
17866,143,1,111.05000000000001,2
17867,30,5,254.74,3
17869,107,5,383.18,3
17870,2,11,1437.54,1
17871,205,1,155.9,2
17873,80,5,481.94,3
17874,185,6,525.16,3
17877,170,1,98.61,2
17878,44,1,291.45,0
17879,174,1,49.16,2
17880,365,1,458.92,2
17881,304,1,77.55,2
17883,3,4,613.34,0
17884,4,4,652.57,0
17885,12,1,156.34,0
17886,32,3,502.08,3
17887,129,1,71.45,2
17888,38,7,602.4,3
17889,212,2,153.77,2
17890,323,2,586.89,2
17891,162,1,203.85999999999999,2
17892,57,2,152.3,2
17893,225,1,107.21,2
17894,72,8,969.71,3
17895,44,1,95.45,2
17897,173,3,461.90999999999997,3
17898,85,2,152.06,2
17899,159,1,154.55,2
17900,190,2,112.19999999999999,2
17901,29,1,110.38,0
17904,21,1,181.07,0
17905,157,3,294.84,2
17906,247,1,72.9,2
17908,374,1,232.03,2
17911,9,1,366.23,0
17912,310,5,310.06,3
17913,59,2,408.65,3
17914,4,1,329.36,0
17917,45,3,335.03,3
17919,88,1,280.8,2
17920,4,17,3575.37,1
17921,64,4,820.23,3
17924,12,3,174.3,0
17926,133,2,397.29,2
17928,45,2,141.14,0
17930,36,5,467.52,3
17931,134,2,338.4,2
17932,29,3,1331.57,3
17934,52,2,290.49,0
17935,138,2,145.79,2
17936,5,1,290.13,0
17937,9,4,145.44,0
17939,160,1,99.14,2
17942,8,1,1.9,0
17946,233,2,99.67999999999999,2
17947,37,1,93.72,0
17949,151,2,47.58,2
17950,72,3,482.2,3
17951,40,3,259.14,0
17954,5,12,2152.37,1
17955,219,3,187.85,2
17956,249,1,12.75,2
17957,66,1,111.68,2
17958,117,1,85.16,2
17960,171,1,73.78,2
17961,21,39,1131.64,1
17962,142,1,102.41,2
17964,32,2,463.21,0
17965,38,14,2599.19,1
17966,151,4,552.43,3
17967,372,1,112.27,2
17968,374,1,265.1,2
17969,166,2,153.2,2
17970,211,1,400.79,2
17972,242,1,135.19,2
17973,52,1,247.64000000000001,2
17974,25,3,703.99,3
17975,15,13,2535.26,1
17976,372,1,321.79,2
17977,29,1,208.34,0
17978,365,1,145.4,2
17979,36,4,678.33,3
17980,166,3,186.5,2
17984,145,1,152.68,2
17985,22,1,233.25,0
17986,56,1,20.8,2
17987,185,1,157.77,2
17988,12,7,161.17000000000002,0
17990,237,3,500.34000000000003,3
17991,225,2,34.35,2
17994,122,4,599.89,3
17995,282,1,23.6,2
17997,74,8,1075.9,3
17999,37,2,380.39,0
18001,12,2,374.57,0
18004,362,1,157.92,2
18005,4,2,226.47,0
18006,23,1,275.08000000000004,0
18008,70,4,331.19,3
18009,235,1,247.39,2
18010,257,1,111.2,2
18011,373,1,102.78999999999999,2
18013,155,2,187.29,2
18014,28,1,162.22,0
18015,4,1,120.03,0
18016,32,5,1394.84,3
18018,108,2,122.14,2
18019,52,1,38.45,2
18022,36,1,612.72,0
18024,153,1,94.58,2
18027,99,1,115.31,2
18030,4,2,67.3,0
18032,334,1,73.5,2
18033,65,1,93.82000000000001,2
18034,22,2,418.68,0
18035,36,3,361.59,0
18036,32,3,403.12,0
18037,154,6,70.02,2
18040,19,2,357.20000000000005,0
18041,12,21,3147.04,1
18042,54,1,93.35,2
18043,25,3,529.29,3
18044,4,10,1957.8600000000001,1
18045,45,1,178.34,2
18048,203,2,50.97,2
18050,359,1,74.4,2
18053,71,1,300.02,2
18055,7,10,5713.89,1
18056,288,1,363.65,2
18058,10,1,6.959999999999999,0
18059,23,3,253.35999999999999,0
18061,22,9,712.9300000000001,1
18062,173,3,545.9200000000001,3
18064,133,1,48.0,2
18065,6,14,2392.83,1
18066,75,1,202.2,2
18067,40,1,356.53,0
18069,26,5,2009.24,3
18071,258,2,408.0,2
18072,186,1,200.64000000000001,2
18073,114,11,1003.1,3
18074,374,1,200.3,2
18075,23,10,2380.25,1
18077,8,11,2278.69,1
18078,217,2,175.03,2
18079,45,3,1095.01,3
18081,36,3,343.45,0
18082,26,1,680.84,0
18085,330,2,407.35,2
18086,274,1,101.34,2
18088,61,1,166.03,2
18092,39,4,249.4,0
18093,93,3,236.6,2
18094,82,6,924.12,3
18095,313,2,313.65,2
18096,12,3,809.46,0
18097,8,6,1581.5,1
18099,127,1,168.31,2
18101,11,2,222.4,0
18102,1,9,615.65,1
18104,37,1,754.64,0
18105,38,1,113.48000000000002,0
18106,330,1,340.3,2
18108,254,1,271.0,2
18109,2,26,3955.18,1
18110,20,1,198.8,0
18112,12,2,352.69,0
18114,290,1,220.1,2
18116,68,8,1358.65,3
18117,26,1,315.65,0
18118,11,26,5421.28,1
18119,368,1,124.60000000000001,2
18120,214,1,111.15,2
18121,149,2,483.54,2
18122,8,6,1753.11,1
18123,24,2,411.24,0
18125,30,4,1090.95,3
18126,61,1,200.92,2
18127,19,3,347.08,0
18129,243,1,112.55000000000001,2
18130,15,3,1059.39,3
18135,29,4,90.05,0
18136,63,3,614.53,3
18138,295,1,104.95,2
18139,18,6,2300.7,1
18142,216,1,105.6,2
18143,117,2,1000.16,3
18144,31,9,420.75,3
18145,13,4,2816.55,1
18146,141,2,160.35,2
18147,46,2,139.74,0
18149,51,3,245.0,0
18150,32,3,566.58,3
18151,135,2,653.35,3
18154,3,2,399.19,0
18155,75,3,371.62,3
18156,13,2,675.64,0
18158,9,2,453.4,0
18159,301,1,354.95,2
18160,57,2,638.0600000000001,3
18161,15,5,1460.96,1
18164,37,1,399.65,0
18165,177,1,78.66,2
18167,23,3,465.00000000000006,0
18168,176,6,1080.74,3
18169,61,1,151.65,2
18170,33,3,587.4100000000001,3
18171,59,5,930.84,3
18172,31,14,2706.34,1
18173,87,4,235.96000000000004,3
18176,358,1,476.35,2
18177,31,6,987.27,3
18178,129,4,1590.81,3
18179,9,5,1430.89,1
18180,5,6,1843.75,1
18181,24,1,366.85,0
18183,227,2,590.47,2
18185,249,1,304.25,2
18188,15,3,1291.0,3
18189,78,2,1090.24,3
18190,192,2,284.46000000000004,2
18191,262,1,167.0,2
18192,72,1,785.1700000000001,3
18193,165,1,243.76,2
18194,82,1,26.0,2
18196,95,2,686.63,3
18198,4,17,1903.46,1
18200,106,1,150.35,2
18202,200,3,1306.39,3
18203,157,1,106.42,2
18204,71,3,1742.08,3
18205,36,2,477.76,0
18209,29,1,139.10000000000002,0
18210,2,6,2365.88,1
18211,26,5,512.77,3
18212,326,1,216.07,2
18213,237,1,232.48000000000002,2
18215,89,1,248.94,2
18216,31,1,481.75,0
18217,29,2,575.27,0
18218,211,2,304.32,2
18219,3,10,2019.77,1
18221,22,5,1002.01,3
18222,93,1,310.88,2
18223,5,14,4852.38,1
18224,264,1,158.95000000000002,2
18225,3,12,3727.7400000000002,1
18226,44,11,3969.79,1
18227,218,1,93.75,2
18228,57,2,572.75,3
18229,12,19,2527.62,1
18230,9,7,1411.9,1
18231,192,5,1699.17,3
18232,82,4,592.97,3
18235,72,3,1560.14,3
18236,30,6,837.69,3
18237,3,5,987.1,1
18239,219,5,1463.81,3
18240,46,1,54.18000000000001,2
18241,10,17,1854.89,1
18242,72,4,1063.81,3
18245,7,7,2527.26,1
18246,233,1,29.5,2
18248,123,2,724.12,3
18249,17,1,95.34,0
18250,310,1,349.27,2
18252,51,2,478.37,3
18255,89,1,103.30000000000001,2
18257,39,8,2004.93,1
18259,85,2,339.1,2
18260,173,6,2120.9,3
18261,43,2,324.24,0
18262,140,1,149.48,2
18263,26,3,1131.96,3
18265,72,2,801.51,3
18268,134,1,25.5,2
18269,366,1,129.0,2
18270,38,2,229.95000000000002,0
18272,3,6,2921.08,1
18274,30,1,175.92,0
18276,44,1,236.86,0
18277,58,1,110.38,2
18278,74,1,173.9,2
18280,278,1,180.60000000000002,2
18281,181,1,80.82,2
18282,8,2,178.05,0
18283,4,16,2045.53,1
18287,43,3,1028.9,3
